N_Teste,N_Vertices,Tempo_Dijkstra_micros,Tempo_BMSSP_micros
0,100,29,438
1,100,30,403
2,100,28,393
3,100,29,398
4,100,26,353
5,100,26,364
6,100,29,378
7,100,25,365
8,100,30,414
9,100,29,403
10,100,29,401
11,100,28,396
12,100,40,435
13,100,35,541
14,100,31,420
15,100,34,424
16,100,35,429
17,100,32,439
18,100,29,401
19,100,37,461
20,100,29,410
21,100,31,409
22,100,28,375
23,100,26,366
24,100,29,349
25,100,33,375
26,100,29,373
27,100,31,367
28,100,28,352
29,100,28,340
30,100,35,373
31,100,34,377
32,100,35,614
33,100,43,495
34,100,62,454
35,100,28,399
36,100,38,605
37,100,31,400
38,100,30,387
39,100,36,385
40,100,42,492
41,100,29,396
42,100,27,370
43,100,36,387
44,100,27,373
45,100,26,357
46,100,27,355
47,100,32,361
48,100,28,377
49,100,28,359
50,100,31,354
51,100,28,382
52,100,28,373
53,100,32,384
54,100,33,381
55,100,28,372
56,100,32,394
57,100,29,398
58,100,29,378
59,100,29,394
60,100,30,413
61,100,28,374
62,100,33,405
63,100,32,381
64,100,30,388
65,100,29,390
66,100,30,375
67,100,27,386
68,100,30,379
69,100,29,388
70,100,41,405
71,100,29,407
72,100,31,386
73,100,33,392
74,100,30,390
75,100,33,397
76,100,31,398
77,100,31,393
78,100,33,403
79,100,32,386
80,100,31,389
81,100,28,391
82,100,28,398
83,100,29,377
84,100,31,384
85,100,27,386
86,100,29,385
87,100,31,402
88,100,29,394
89,100,29,402
90,100,29,379
91,100,30,393
92,100,29,381
93,100,29,391
94,100,28,383
95,100,28,387
96,100,34,414
97,100,35,454
98,100,29,378
99,100,28,400
100,100,32,406
101,100,32,387
102,100,29,376
103,100,30,383
104,100,30,376
105,100,30,386
106,100,27,370
107,100,29,365
108,100,28,377
109,100,29,379
110,100,29,360
111,100,27,356
112,100,32,375
113,100,30,373
114,100,29,379
115,100,31,366
116,100,31,380
117,100,29,365
118,100,29,366
119,100,26,375
120,100,26,351
121,100,28,370
122,100,28,371
123,100,32,385
124,100,29,377
125,100,31,382
126,100,30,378
127,100,29,384
128,100,30,389
129,100,30,381
130,100,29,394
131,100,74,365
132,100,57,705
133,100,26,375
134,100,31,377
135,100,26,364
136,100,28,375
137,100,26,356
138,100,26,360
139,100,31,365
140,100,27,381
141,100,28,364
142,100,26,357
143,100,29,344
144,100,27,338
145,100,28,358
146,100,29,344
147,100,28,344
148,100,27,338
149,100,30,365
150,100,37,358
151,100,28,370
152,100,26,354
153,100,26,352
154,100,29,378
155,100,28,363
156,100,33,386
157,100,29,358
158,100,27,359
159,100,26,373
160,100,29,369
161,100,30,367
162,100,28,362
163,100,33,358
164,100,27,378
165,100,27,354
166,100,28,390
167,100,29,358
168,100,28,381
169,100,27,372
170,100,30,393
171,100,29,359
172,100,28,390
173,100,30,368
174,100,27,371
175,100,28,366
176,100,27,363
177,100,28,353
178,100,28,401
179,100,28,366
180,100,32,382
181,100,26,352
182,100,27,375
183,100,27,352
184,100,26,370
185,100,29,368
186,100,32,366
187,100,29,373
188,100,28,355
189,100,29,369
190,100,29,373
191,100,28,354
192,100,27,370
193,100,29,364
194,100,29,366
195,100,29,362
196,100,28,374
197,100,30,362
198,100,28,362
199,100,29,366
200,150,50,655
201,150,54,631
202,150,52,635
203,150,55,642
204,150,48,618
205,150,61,661
206,150,55,628
207,150,48,615
208,150,55,641
209,150,51,639
210,150,50,600
211,150,54,647
212,150,51,627
213,150,54,630
214,150,52,635
215,150,47,610
216,150,52,621
217,150,52,630
218,150,52,637
219,150,52,649
220,150,53,633
221,150,52,629
222,150,55,620
223,150,55,664
224,150,54,650
225,150,55,649
226,150,48,608
227,150,52,627
228,150,53,619
229,150,55,651
230,150,57,622
231,150,56,658
232,150,52,638
233,150,49,612
234,150,50,623
235,150,56,618
236,150,50,628
237,150,58,638
238,150,51,621
239,150,53,600
240,150,52,639
241,150,63,635
242,150,50,621
243,150,50,626
244,150,50,627
245,150,58,628
246,150,51,627
247,150,52,625
248,150,50,618
249,150,49,605
250,150,52,637
251,150,51,601
252,150,56,670
253,150,56,654
254,150,52,626
255,150,62,604
256,150,74,667
257,150,48,591
258,150,51,622
259,150,51,607
260,150,49,609
261,150,51,620
262,150,51,605
263,150,53,664
264,150,51,609
265,150,50,614
266,150,52,606
267,150,52,621
268,150,55,634
269,150,53,639
270,150,49,594
271,150,55,621
272,150,49,597
273,150,49,608
274,150,48,592
275,150,55,615
276,150,50,599
277,150,49,615
278,150,54,616
279,150,58,618
280,150,56,672
281,150,47,609
282,150,52,606
283,150,56,629
284,150,57,639
285,150,49,582
286,150,50,614
287,150,56,626
288,150,51,596
289,150,47,596
290,150,49,599
291,150,48,624
292,150,69,618
293,150,52,636
294,150,60,605
295,150,51,597
296,150,52,600
297,150,52,600
298,150,53,600
299,150,51,627
300,150,64,670
301,150,50,598
302,150,47,584
303,150,52,598
304,150,49,570
305,150,46,574
306,150,47,569
307,150,55,609
308,150,45,555
309,150,48,565
310,150,48,553
311,150,49,578
312,150,45,549
313,150,47,572
314,150,50,565
315,150,46,566
316,150,45,551
317,150,48,618
318,150,50,597
319,150,55,589
320,150,54,595
321,150,51,577
322,150,49,582
323,150,49,579
324,150,48,573
325,150,51,562
326,150,49,578
327,150,47,572
328,150,49,581
329,150,53,582
330,150,50,582
331,150,47,572
332,150,48,578
333,150,51,617
334,150,49,602
335,150,49,604
336,150,52,599
337,150,51,612
338,150,50,602
339,150,49,610
340,150,51,604
341,150,50,594
342,150,48,570
343,150,51,589
344,150,52,649
345,150,51,604
346,150,51,629
347,150,48,617
348,150,50,602
349,150,55,632
350,150,50,618
351,150,49,598
352,150,53,609
353,150,51,615
354,150,51,605
355,150,52,612
356,150,52,645
357,150,51,639
358,150,50,603
359,150,48,587
360,150,54,632
361,150,51,613
362,150,57,604
363,150,51,594
364,150,51,622
365,150,47,589
366,150,51,593
367,150,51,599
368,150,49,601
369,150,49,594
370,150,49,586
371,150,50,604
372,150,50,606
373,150,52,603
374,150,49,599
375,150,49,584
376,150,47,590
377,150,50,590
378,150,50,605
379,150,54,614
380,150,49,629
381,150,53,597
382,150,50,601
383,150,48,582
384,150,48,574
385,150,49,580
386,150,57,604
387,150,51,613
388,150,52,612
389,150,51,614
390,150,55,602
391,150,52,603
392,150,47,588
393,150,51,594
394,150,49,609
395,150,52,645
396,150,50,600
397,150,54,628
398,150,51,629
399,150,50,637
400,200,81,914
401,200,72,851
402,200,70,829
403,200,67,798
404,200,73,824
405,200,77,799
406,200,70,813
407,200,81,890
408,200,78,867
409,200,77,861
410,200,76,864
411,200,74,885
412,200,79,873
413,200,77,844
414,200,78,1003
415,200,77,898
416,200,75,867
417,200,75,819
418,200,73,812
419,200,74,834
420,200,74,821
421,200,71,823
422,200,79,808
423,200,76,886
424,200,73,828
425,200,78,849
426,200,75,838
427,200,74,863
428,200,73,861
429,200,77,897
430,200,84,887
431,200,109,915
432,200,77,952
433,200,77,867
434,200,75,850
435,200,81,883
436,200,78,884
437,200,78,859
438,200,80,875
439,200,78,877
440,200,75,866
441,200,78,870
442,200,81,937
443,200,86,928
444,200,75,871
445,200,77,878
446,200,77,890
447,200,78,873
448,200,80,866
449,200,75,847
450,200,76,861
451,200,84,884
452,200,79,876
453,200,80,924
454,200,81,899
455,200,89,907
456,200,80,895
457,200,81,886
458,200,80,873
459,200,79,876
460,200,80,873
461,200,79,896
462,200,80,869
463,200,80,901
464,200,75,855
465,200,77,897
466,200,76,854
467,200,80,867
468,200,74,846
469,200,78,882
470,200,97,893
471,200,79,895
472,200,81,893
473,200,80,876
474,200,79,886
475,200,80,870
476,200,80,903
477,200,87,961
478,200,102,970
479,200,82,913
480,200,78,917
481,200,77,872
482,200,80,902
483,200,81,884
484,200,79,891
485,200,81,903
486,200,81,967
487,200,81,890
488,200,79,895
489,200,76,877
490,200,79,852
491,200,80,903
492,200,80,897
493,200,79,885
494,200,76,903
495,200,85,911
496,200,82,938
497,200,81,900
498,200,82,893
499,200,80,901
500,200,80,1006
501,200,84,903
502,200,80,876
503,200,83,925
504,200,81,883
505,200,78,868
506,200,82,873
507,200,77,888
508,200,77,885
509,200,77,875
510,200,80,884
511,200,82,903
512,200,84,909
513,200,85,895
514,200,105,1075
515,200,78,880
516,200,77,855
517,200,77,936
518,200,78,875
519,200,78,875
520,200,78,849
521,200,78,848
522,200,74,853
523,200,78,875
524,200,79,882
525,200,80,870
526,200,82,893
527,200,83,884
528,200,93,910
529,200,102,886
530,200,80,878
531,200,81,894
532,200,80,898
533,200,82,914
534,200,75,908
535,200,81,913
536,200,79,886
537,200,81,928
538,200,82,899
539,200,79,913
540,200,81,909
541,200,78,931
542,200,79,901
543,200,80,907
544,200,80,916
545,200,80,907
546,200,83,906
547,200,81,922
548,200,88,901
549,200,82,1021
550,200,82,916
551,200,79,912
552,200,76,882
553,200,79,883
554,200,81,894
555,200,81,902
556,200,82,900
557,200,75,868
558,200,109,892
559,200,77,877
560,200,78,882
561,200,81,895
562,200,81,885
563,200,78,911
564,200,81,914
565,200,86,924
566,200,86,902
567,200,78,883
568,200,78,909
569,200,84,893
570,200,81,891
571,200,78,913
572,200,79,881
573,200,85,920
574,200,79,915
575,200,78,878
576,200,94,903
577,200,77,878
578,200,79,900
579,200,82,898
580,200,79,887
581,200,87,920
582,200,80,880
583,200,82,901
584,200,79,912
585,200,80,903
586,200,79,910
587,200,78,892
588,200,112,899
589,200,85,932
590,200,78,884
591,200,81,921
592,200,79,883
593,200,81,915
594,200,87,898
595,200,88,898
596,200,82,901
597,200,82,903
598,200,82,900
599,200,78,912
600,250,116,1198
601,250,106,1141
602,250,109,1178
603,250,109,1100
604,250,102,1077
605,250,102,1091
606,250,106,1158
607,250,104,1087
608,250,105,1170
609,250,109,1072
610,250,103,1091
611,250,107,1075
612,250,106,1105
613,250,112,1167
614,250,113,1172
615,250,114,1135
616,250,114,1147
617,250,111,1142
618,250,116,1163
619,250,114,1175
620,250,115,1161
621,250,113,1166
622,250,112,1150
623,250,110,1149
624,250,118,1167
625,250,109,1155
626,250,109,1179
627,250,107,1117
628,250,110,1142
629,250,123,1199
630,250,117,1154
631,250,116,1179
632,250,112,1154
633,250,111,1166
634,250,134,1192
635,250,113,1197
636,250,108,1161
637,250,113,1166
638,250,112,1134
639,250,111,1173
640,250,117,1200
641,250,111,1164
642,250,113,1161
643,250,117,1160
644,250,111,1151
645,250,275,2057
646,250,137,1377
647,250,111,1278
648,250,109,1139
649,250,118,1176
650,250,111,1142
651,250,113,1150
652,250,111,1152
653,250,115,1152
654,250,109,1163
655,250,112,1181
656,250,113,1166
657,250,112,1163
658,250,112,1144
659,250,109,1219
660,250,109,1128
661,250,114,1165
662,250,111,1183
663,250,118,1193
664,250,116,1245
665,250,112,1180
666,250,110,1146
667,250,111,1143
668,250,117,1167
669,250,111,1133
670,250,111,1160
671,250,112,1143
672,250,112,1147
673,250,143,1205
674,250,109,1163
675,250,112,1161
676,250,115,1188
677,250,120,1222
678,250,114,1163
679,250,116,1164
680,250,128,1385
681,250,113,1164
682,250,115,1168
683,250,121,1198
684,250,121,1192
685,250,121,1225
686,250,111,1159
687,250,111,1176
688,250,114,1183
689,250,113,1143
690,250,121,1167
691,250,109,1204
692,250,109,1147
693,250,111,1159
694,250,109,1143
695,250,110,1164
696,250,114,1200
697,250,116,1155
698,250,110,1166
699,250,105,1126
700,250,107,1147
701,250,106,1208
702,250,112,1485
703,250,107,1181
704,250,155,1234
705,250,107,1107
706,250,114,1119
707,250,106,1095
708,250,106,1113
709,250,109,1135
710,250,110,1134
711,250,116,1143
712,250,115,1168
713,250,110,1151
714,250,121,1166
715,250,109,1166
716,250,109,1158
717,250,112,1187
718,250,113,1159
719,250,112,1150
720,250,107,1159
721,250,112,1160
722,250,112,1185
723,250,117,1176
724,250,113,1152
725,250,115,1156
726,250,109,1145
727,250,108,1128
728,250,110,1136
729,250,115,1127
730,250,123,1141
731,250,112,1142
732,250,126,1161
733,250,115,1149
734,250,114,1162
735,250,111,1114
736,250,109,1173
737,250,112,1146
738,250,113,1156
739,250,111,1175
740,250,119,1184
741,250,111,1134
742,250,111,1150
743,250,114,1203
744,250,111,1154
745,250,111,1138
746,250,116,1156
747,250,109,1142
748,250,111,1237
749,250,115,1218
750,250,115,1146
751,250,112,1139
752,250,112,1148
753,250,124,1158
754,250,111,1191
755,250,110,1136
756,250,124,1142
757,250,111,1157
758,250,120,1168
759,250,107,1147
760,250,115,1174
761,250,122,1154
762,250,118,1139
763,250,113,1150
764,250,110,1146
765,250,111,1232
766,250,116,1195
767,250,117,1188
768,250,111,1161
769,250,116,1195
770,250,118,1207
771,250,111,1163
772,250,113,1135
773,250,115,1136
774,250,119,1191
775,250,115,1185
776,250,119,1171
777,250,110,1158
778,250,119,1194
779,250,118,1155
780,250,119,1203
781,250,111,1181
782,250,111,1148
783,250,115,1158
784,250,123,1207
785,250,114,1153
786,250,123,1179
787,250,118,1189
788,250,115,1184
789,250,115,1203
790,250,116,1217
791,250,117,1232
792,250,114,1181
793,250,117,1196
794,250,112,1158
795,250,114,1203
796,250,112,1176
797,250,111,1177
798,250,111,1182
799,250,114,1185
800,300,229,1710
801,300,140,948
802,300,141,888
803,300,152,904
804,300,138,881
805,300,139,906
806,300,139,924
807,300,144,926
808,300,145,932
809,300,139,913
810,300,162,1044
811,300,143,955
812,300,152,1021
813,300,145,946
814,300,161,974
815,300,147,953
816,300,158,963
817,300,150,957
818,300,159,1005
819,300,152,1009
820,300,147,932
821,300,149,929
822,300,143,883
823,300,142,902
824,300,139,909
825,300,141,928
826,300,148,992
827,300,151,939
828,300,148,942
829,300,151,908
830,300,173,1042
831,300,152,945
832,300,147,929
833,300,141,919
834,300,146,954
835,300,146,976
836,300,143,984
837,300,145,948
838,300,145,921
839,300,143,952
840,300,143,940
841,300,143,961
842,300,145,913
843,300,144,936
844,300,169,954
845,300,143,918
846,300,144,922
847,300,139,905
848,300,144,905
849,300,155,975
850,300,146,954
851,300,144,971
852,300,145,943
853,300,145,947
854,300,145,935
855,300,153,914
856,300,146,948
857,300,144,938
858,300,151,924
859,300,141,922
860,300,151,946
861,300,151,943
862,300,141,908
863,300,141,912
864,300,155,1034
865,300,144,893
866,300,149,917
867,300,145,908
868,300,141,909
869,300,143,961
870,300,144,913
871,300,144,908
872,300,151,931
873,300,149,948
874,300,144,927
875,300,139,901
876,300,141,931
877,300,150,955
878,300,141,909
879,300,143,900
880,300,142,902
881,300,143,914
882,300,148,922
883,300,151,921
884,300,146,907
885,300,143,923
886,300,148,908
887,300,139,908
888,300,146,955
889,300,145,965
890,300,144,977
891,300,147,953
892,300,150,953
893,300,143,930
894,300,145,932
895,300,157,932
896,300,143,907
897,300,139,886
898,300,137,886
899,300,168,933
900,300,150,928
901,300,137,891
902,300,138,894
903,300,140,910
904,300,142,896
905,300,148,941
906,300,142,932
907,300,191,1018
908,300,146,967
909,300,144,963
910,300,149,939
911,300,140,909
912,300,145,907
913,300,139,878
914,300,140,892
915,300,142,919
916,300,140,885
917,300,150,943
918,300,140,901
919,300,182,914
920,300,144,936
921,300,146,958
922,300,146,942
923,300,142,924
924,300,142,901
925,300,148,948
926,300,140,971
927,300,141,914
928,300,144,912
929,300,140,905
930,300,143,997
931,300,139,904
932,300,155,912
933,300,142,888
934,300,143,943
935,300,145,906
936,300,154,925
937,300,139,894
938,300,143,911
939,300,148,938
940,300,163,999
941,300,152,916
942,300,146,931
943,300,143,915
944,300,144,927
945,300,147,924
946,300,150,924
947,300,141,934
948,300,144,919
949,300,142,936
950,300,151,935
951,300,143,942
952,300,141,894
953,300,140,912
954,300,141,906
955,300,142,916
956,300,144,909
957,300,149,936
958,300,149,911
959,300,147,907
960,300,164,943
961,300,137,877
962,300,142,912
963,300,144,913
964,300,167,1009
965,300,142,929
966,300,145,967
967,300,147,917
968,300,143,900
969,300,137,885
970,300,190,919
971,300,151,905
972,300,146,921
973,300,154,915
974,300,147,943
975,300,140,891
976,300,146,911
977,300,143,915
978,300,141,915
979,300,144,1030
980,300,144,916
981,300,150,950
982,300,142,975
983,300,321,907
984,300,143,965
985,300,149,913
986,300,146,911
987,300,143,910
988,300,147,1047
989,300,140,928
990,300,140,917
991,300,143,917
992,300,143,922
993,300,143,910
994,300,150,932
995,300,139,909
996,300,143,909
997,300,141,909
998,300,141,897
999,300,144,918
1000,350,174,1138
1001,350,178,1071
1002,350,179,1090
1003,350,185,1124
1004,350,184,1195
1005,350,182,1109
1006,350,168,1106
1007,350,183,1127
1008,350,174,1125
1009,350,186,1180
1010,350,180,1165
1011,350,177,1127
1012,350,183,1131
1013,350,177,1106
1014,350,172,1074
1015,350,181,1165
1016,350,190,1177
1017,350,174,1157
1018,350,173,1095
1019,350,190,1212
1020,350,178,1162
1021,350,182,1121
1022,350,185,1178
1023,350,186,1205
1024,350,178,1116
1025,350,186,1195
1026,350,181,1100
1027,350,178,1118
1028,350,183,1127
1029,350,176,1145
1030,350,178,1123
1031,350,185,1093
1032,350,180,1150
1033,350,179,1143
1034,350,179,1159
1035,350,181,1121
1036,350,179,1116
1037,350,177,1116
1038,350,176,1098
1039,350,185,1155
1040,350,179,1099
1041,350,178,1141
1042,350,188,1114
1043,350,181,1152
1044,350,183,1110
1045,350,181,1142
1046,350,183,1119
1047,350,179,1094
1048,350,181,1149
1049,350,176,1097
1050,350,177,1112
1051,350,179,1105
1052,350,180,1110
1053,350,180,1089
1054,350,175,1086
1055,350,184,1209
1056,350,186,1130
1057,350,184,1134
1058,350,182,1219
1059,350,179,1136
1060,350,185,1158
1061,350,183,1103
1062,350,179,1092
1063,350,180,1178
1064,350,179,1154
1065,350,178,1145
1066,350,182,1116
1067,350,179,1139
1068,350,179,1157
1069,350,177,1133
1070,350,176,1095
1071,350,198,1183
1072,350,182,1143
1073,350,180,1132
1074,350,181,1110
1075,350,181,1117
1076,350,180,1170
1077,350,181,1133
1078,350,181,1151
1079,350,172,1073
1080,350,201,1104
1081,350,179,1113
1082,350,187,1133
1083,350,181,1109
1084,350,180,1107
1085,350,168,1047
1086,350,177,1093
1087,350,210,1151
1088,350,179,1127
1089,350,179,1143
1090,350,175,1075
1091,350,175,1081
1092,350,181,1154
1093,350,175,1082
1094,350,184,1138
1095,350,178,1130
1096,350,180,1103
1097,350,179,1114
1098,350,179,1114
1099,350,185,1130
1100,350,173,1114
1101,350,171,1090
1102,350,172,1078
1103,350,183,1137
1104,350,174,1076
1105,350,179,1082
1106,350,181,1066
1107,350,177,1092
1108,350,179,1157
1109,350,181,1124
1110,350,184,1111
1111,350,176,1138
1112,350,179,1121
1113,350,177,1128
1114,350,194,1115
1115,350,176,1095
1116,350,180,1087
1117,350,182,1151
1118,350,181,1093
1119,350,184,1122
1120,350,177,1115
1121,350,183,1112
1122,350,177,1110
1123,350,176,1077
1124,350,182,1096
1125,350,187,1087
1126,350,191,1332
1127,350,212,1203
1128,350,182,1148
1129,350,184,1123
1130,350,181,1122
1131,350,185,1133
1132,350,179,1094
1133,350,185,1158
1134,350,182,1108
1135,350,184,1135
1136,350,175,1093
1137,350,178,1095
1138,350,183,1105
1139,350,188,1123
1140,350,180,1142
1141,350,178,1130
1142,350,179,1127
1143,350,179,1116
1144,350,188,1135
1145,350,195,1172
1146,350,181,1152
1147,350,191,1168
1148,350,187,1160
1149,350,179,1118
1150,350,176,1121
1151,350,184,1159
1152,350,182,1124
1153,350,182,1144
1154,350,177,1104
1155,350,212,1128
1156,350,181,1111
1157,350,175,1107
1158,350,179,1262
1159,350,180,1102
1160,350,182,1145
1161,350,197,1133
1162,350,180,1153
1163,350,183,1157
1164,350,180,1116
1165,350,179,1135
1166,350,179,1136
1167,350,177,1128
1168,350,198,1125
1169,350,182,1106
1170,350,189,1150
1171,350,196,1251
1172,350,184,1144
1173,350,178,1098
1174,350,185,1139
1175,350,176,1097
1176,350,174,1076
1177,350,177,1104
1178,350,183,1148
1179,350,178,1110
1180,350,185,1137
1181,350,180,1113
1182,350,184,1142
1183,350,185,1161
1184,350,207,1171
1185,350,187,1192
1186,350,189,1149
1187,350,183,1199
1188,350,178,1109
1189,350,191,1134
1190,350,177,1144
1191,350,189,1096
1192,350,186,1186
1193,350,178,1100
1194,350,183,1110
1195,350,182,1126
1196,350,182,1124
1197,350,191,1201
1198,350,184,1118
1199,350,186,1127
1200,400,221,1333
1201,400,221,1317
1202,400,214,1274
1203,400,239,1301
1204,400,219,1359
1205,400,235,1324
1206,400,218,1318
1207,400,242,1335
1208,400,222,1296
1209,400,218,1281
1210,400,218,1327
1211,400,217,1363
1212,400,216,1310
1213,400,215,1307
1214,400,225,1338
1215,400,219,1337
1216,400,217,1324
1217,400,224,1333
1218,400,217,1314
1219,400,215,1293
1220,400,218,1301
1221,400,214,1308
1222,400,223,1340
1223,400,218,1329
1224,400,222,1329
1225,400,216,1310
1226,400,219,1316
1227,400,224,1372
1228,400,231,1388
1229,400,217,1312
1230,400,220,1390
1231,400,215,1308
1232,400,219,1353
1233,400,220,1366
1234,400,219,1334
1235,400,225,1351
1236,400,222,1354
1237,400,225,1434
1238,400,247,1350
1239,400,217,1326
1240,400,210,1311
1241,400,219,1340
1242,400,233,1308
1243,400,224,1334
1244,400,233,1365
1245,400,219,1322
1246,400,268,1373
1247,400,215,1312
1248,400,219,1319
1249,400,215,1297
1250,400,221,1337
1251,400,228,1383
1252,400,212,1295
1253,400,210,1290
1254,400,216,1324
1255,400,229,1343
1256,400,226,1335
1257,400,221,1351
1258,400,218,1374
1259,400,220,1340
1260,400,220,1383
1261,400,215,1285
1262,400,224,1368
1263,400,221,1374
1264,400,222,1373
1265,400,222,1336
1266,400,216,1318
1267,400,238,1337
1268,400,216,1328
1269,400,219,1329
1270,400,231,1362
1271,400,217,1313
1272,400,227,1326
1273,400,220,1324
1274,400,236,1356
1275,400,223,1301
1276,400,224,1350
1277,400,223,1332
1278,400,222,1342
1279,400,238,1357
1280,400,217,1336
1281,400,219,1397
1282,400,218,1343
1283,400,213,1315
1284,400,232,1318
1285,400,224,1352
1286,400,224,1352
1287,400,215,1325
1288,400,239,1403
1289,400,220,1311
1290,400,230,1411
1291,400,234,1335
1292,400,222,1353
1293,400,219,1323
1294,400,219,1312
1295,400,217,1331
1296,400,222,1345
1297,400,221,1321
1298,400,215,1316
1299,400,225,1342
1300,400,213,1261
1301,400,214,1308
1302,400,216,1300
1303,400,227,1385
1304,400,222,1360
1305,400,223,1298
1306,400,227,1344
1307,400,225,1340
1308,400,228,1350
1309,400,231,1394
1310,400,229,1410
1311,400,230,1346
1312,400,218,1333
1313,400,227,1340
1314,400,224,1352
1315,400,215,1403
1316,400,229,1331
1317,400,226,1367
1318,400,230,1368
1319,400,233,1320
1320,400,220,1321
1321,400,224,1326
1322,400,226,1351
1323,400,220,1340
1324,400,220,1334
1325,400,223,1354
1326,400,219,1318
1327,400,216,1311
1328,400,218,1318
1329,400,232,1384
1330,400,218,1321
1331,400,227,1313
1332,400,222,1346
1333,400,222,1347
1334,400,219,1323
1335,400,216,1303
1336,400,220,1359
1337,400,220,1349
1338,400,214,1316
1339,400,219,1332
1340,400,223,1337
1341,400,221,1337
1342,400,223,1341
1343,400,226,1426
1344,400,221,1323
1345,400,216,1312
1346,400,236,1372
1347,400,222,1337
1348,400,232,1380
1349,400,217,1316
1350,400,287,1333
1351,400,218,1313
1352,400,222,1368
1353,400,228,1328
1354,400,213,1291
1355,400,225,1376
1356,400,217,1302
1357,400,219,1338
1358,400,220,1328
1359,400,223,1342
1360,400,213,1307
1361,400,220,1323
1362,400,228,1319
1363,400,223,1346
1364,400,223,1332
1365,400,219,1334
1366,400,225,1315
1367,400,222,1333
1368,400,224,1339
1369,400,225,1357
1370,400,218,1323
1371,400,220,1326
1372,400,221,1330
1373,400,238,1316
1374,400,224,1348
1375,400,222,1339
1376,400,236,1356
1377,400,224,1368
1378,400,223,1328
1379,400,224,1360
1380,400,224,1326
1381,400,237,1350
1382,400,223,1340
1383,400,242,1315
1384,400,216,1324
1385,400,228,1335
1386,400,221,1361
1387,400,224,1364
1388,400,225,1351
1389,400,220,1355
1390,400,221,1358
1391,400,225,1358
1392,400,223,1341
1393,400,226,1372
1394,400,223,1337
1395,400,227,1358
1396,400,222,1314
1397,400,224,1386
1398,400,227,1360
1399,400,218,1320
1400,450,257,1560
1401,450,276,1708
1402,450,276,1556
1403,450,256,1548
1404,450,261,1546
1405,450,273,1663
1406,450,266,1597
1407,450,265,1614
1408,450,275,1971
1409,450,268,1606
1410,450,265,1573
1411,450,264,1605
1412,450,267,1637
1413,450,265,1576
1414,450,264,1592
1415,450,276,1640
1416,450,266,1585
1417,450,268,1673
1418,450,275,1647
1419,450,272,1645
1420,450,263,1632
1421,450,282,1635
1422,450,263,1630
1423,450,265,1550
1424,450,267,1630
1425,450,266,1601
1426,450,271,1565
1427,450,265,1641
1428,450,274,1698
1429,450,261,1607
1430,450,267,1610
1431,450,262,1607
1432,450,270,1616
1433,450,255,1556
1434,450,266,1718
1435,450,263,1655
1436,450,271,1683
1437,450,269,1636
1438,450,264,1609
1439,450,262,1590
1440,450,269,1566
1441,450,276,1549
1442,450,269,1609
1443,450,268,1706
1444,450,272,1585
1445,450,281,1593
1446,450,254,1527
1447,450,259,1610
1448,450,273,1579
1449,450,260,1571
1450,450,259,1574
1451,450,274,1630
1452,450,268,1726
1453,450,266,1602
1454,450,260,1591
1455,450,265,1601
1456,450,264,1526
1457,450,304,1704
1458,450,263,1603
1459,450,260,1603
1460,450,251,1529
1461,450,267,1608
1462,450,263,1586
1463,450,265,1574
1464,450,275,1631
1465,450,265,1614
1466,450,270,1784
1467,450,269,1630
1468,450,263,1591
1469,450,267,1582
1470,450,261,1569
1471,450,255,1559
1472,450,258,1574
1473,450,268,1594
1474,450,260,1578
1475,450,279,1764
1476,450,261,1602
1477,450,262,1552
1478,450,268,1616
1479,450,261,1601
1480,450,263,1619
1481,450,266,1616
1482,450,269,1623
1483,450,262,1602
1484,450,280,1586
1485,450,266,1583
1486,450,258,1611
1487,450,277,1632
1488,450,268,1599
1489,450,273,1555
1490,450,272,1601
1491,450,253,1578
1492,450,265,1613
1493,450,267,1630
1494,450,272,1655
1495,450,274,1642
1496,450,269,1611
1497,450,265,1593
1498,450,264,1613
1499,450,264,1636
1500,450,313,2225
1501,450,271,1554
1502,450,272,1530
1503,450,280,1574
1504,450,261,1570
1505,450,269,1651
1506,450,268,1610
1507,450,294,1612
1508,450,283,1624
1509,450,269,1575
1510,450,268,1564
1511,450,268,1652
1512,450,269,1597
1513,450,276,1623
1514,450,270,1775
1515,450,275,1630
1516,450,275,1595
1517,450,263,1534
1518,450,259,1598
1519,450,259,1582
1520,450,279,1610
1521,450,267,1718
1522,450,265,1583
1523,450,265,1584
1524,450,265,1582
1525,450,267,1583
1526,450,260,1581
1527,450,260,1620
1528,450,270,1634
1529,450,263,1552
1530,450,276,1617
1531,450,264,1538
1532,450,265,1549
1533,450,267,1541
1534,450,258,1579
1535,450,270,1574
1536,450,266,1598
1537,450,264,1588
1538,450,260,1587
1539,450,260,1587
1540,450,273,1623
1541,450,293,1678
1542,450,272,1593
1543,450,261,1606
1544,450,263,1544
1545,450,281,1691
1546,450,265,1527
1547,450,255,1562
1548,450,262,1593
1549,450,269,1588
1550,450,277,1690
1551,450,261,1602
1552,450,262,1595
1553,450,254,1553
1554,450,263,1562
1555,450,260,1539
1556,450,257,1588
1557,450,258,1567
1558,450,262,1526
1559,450,261,1564
1560,450,259,1567
1561,450,259,1588
1562,450,255,1576
1563,450,256,1598
1564,450,273,1551
1565,450,251,1594
1566,450,267,1559
1567,450,263,1602
1568,450,266,1594
1569,450,265,1538
1570,450,270,1637
1571,450,265,1556
1572,450,260,1585
1573,450,255,1573
1574,450,275,1567
1575,450,260,1555
1576,450,256,1573
1577,450,271,1622
1578,450,266,1578
1579,450,260,1584
1580,450,280,1554
1581,450,285,1597
1582,450,262,1567
1583,450,268,1601
1584,450,263,1571
1585,450,289,1634
1586,450,258,1511
1587,450,255,1692
1588,450,260,1589
1589,450,260,1594
1590,450,262,1567
1591,450,296,1817
1592,450,270,1597
1593,450,264,1562
1594,450,262,1589
1595,450,251,1525
1596,450,250,1590
1597,450,261,1571
1598,450,273,1556
1599,450,272,1575
1600,500,305,1785
1601,500,306,1859
1602,500,374,2139
1603,500,302,1744
1604,500,310,1755
1605,500,309,1774
1606,500,307,1812
1607,500,317,1797
1608,500,315,1821
1609,500,360,1818
1610,500,303,1815
1611,500,319,1776
1612,500,321,1893
1613,500,314,1829
1614,500,298,1739
1615,500,305,1746
1616,500,308,1815
1617,500,304,1896
1618,500,324,1802
1619,500,308,1804
1620,500,305,1764
1621,500,339,1828
1622,500,308,1774
1623,500,302,1797
1624,500,302,1808
1625,500,307,1805
1626,500,304,1783
1627,500,307,1829
1628,500,317,1830
1629,500,318,1833
1630,500,315,1786
1631,500,312,1839
1632,500,301,1794
1633,500,306,1808
1634,500,313,1809
1635,500,302,1779
1636,500,309,1797
1637,500,306,1785
1638,500,337,1805
1639,500,312,1809
1640,500,324,1828
1641,500,307,1788
1642,500,301,1758
1643,500,315,1803
1644,500,306,1801
1645,500,309,1784
1646,500,308,1804
1647,500,308,1801
1648,500,322,1798
1649,500,344,1910
1650,500,306,1827
1651,500,315,1791
1652,500,305,1857
1653,500,307,1810
1654,500,311,1830
1655,500,315,1973
1656,500,304,1816
1657,500,318,1832
1658,500,304,1773
1659,500,315,1872
1660,500,311,1824
1661,500,313,1912
1662,500,319,1822
1663,500,345,1930
1664,500,306,1821
1665,500,307,1808
1666,500,306,1818
1667,500,310,1848
1668,500,317,1838
1669,500,338,1950
1670,500,313,1820
1671,500,325,1843
1672,500,310,1808
1673,500,310,1767
1674,500,306,1760
1675,500,306,1833
1676,500,305,1818
1677,500,308,1821
1678,500,307,1791
1679,500,324,1842
1680,500,315,1756
1681,500,305,1837
1682,500,305,1782
1683,500,308,1821
1684,500,304,1782
1685,500,316,1783
1686,500,320,1787
1687,500,306,1812
1688,500,311,1814
1689,500,309,1816
1690,500,310,1886
1691,500,323,1834
1692,500,311,1786
1693,500,317,1783
1694,500,301,1760
1695,500,298,1714
1696,500,337,1744
1697,500,303,1742
1698,500,297,1732
1699,500,317,1708
1700,500,303,1718
1701,500,316,1708
1702,500,302,1809
1703,500,296,1725
1704,500,304,1712
1705,500,317,1753
1706,500,299,1733
1707,500,299,1739
1708,500,285,1650
1709,500,289,1689
1710,500,288,1695
1711,500,283,1732
1712,500,288,1699
1713,500,305,1729
1714,500,334,1689
1715,500,297,1681
1716,500,298,1710
1717,500,306,1720
1718,500,287,1679
1719,500,297,1726
1720,500,292,1697
1721,500,288,1674
1722,500,292,1701
1723,500,291,1707
1724,500,343,1710
1725,500,299,1698
1726,500,338,1714
1727,500,290,1726
1728,500,301,1695
1729,500,300,1698
1730,500,309,1726
1731,500,294,1696
1732,500,331,1686
1733,500,296,1711
1734,500,293,1709
1735,500,293,1708
1736,500,291,1719
1737,500,300,1783
1738,500,295,1708
1739,500,291,1700
1740,500,300,1739
1741,500,297,1740
1742,500,290,1723
1743,500,309,1696
1744,500,306,1763
1745,500,300,1712
1746,500,294,1684
1747,500,314,1704
1748,500,291,1694
1749,500,295,1715
1750,500,291,1675
1751,500,299,1834
1752,500,305,1724
1753,500,385,1717
1754,500,294,1713
1755,500,290,1690
1756,500,334,1817
1757,500,296,1717
1758,500,320,1713
1759,500,293,1653
1760,500,302,1706
1761,500,296,1712
1762,500,307,1705
1763,500,287,1698
1764,500,294,1707
1765,500,346,1678
1766,500,288,1666
1767,500,301,1710
1768,500,282,1656
1769,500,295,1737
1770,500,292,1704
1771,500,295,1740
1772,500,291,1712
1773,500,302,1745
1774,500,292,1647
1775,500,298,1759
1776,500,289,1689
1777,500,293,1717
1778,500,298,1725
1779,500,293,1713
1780,500,301,1701
1781,500,290,1761
1782,500,310,1736
1783,500,305,1755
1784,500,298,1740
1785,500,303,1708
1786,500,303,1749
1787,500,303,1763
1788,500,315,1712
1789,500,313,1799
1790,500,290,1706
1791,500,310,1746
1792,500,299,1762
1793,500,296,1785
1794,500,291,1713
1795,500,347,1746
1796,500,288,1685
1797,500,291,1676
1798,500,291,1692
1799,500,298,1738
1800,550,348,1982
1801,550,338,1937
1802,550,340,1944
1803,550,334,1964
1804,550,389,1945
1805,550,336,1946
1806,550,337,1944
1807,550,336,1917
1808,550,331,1936
1809,550,338,2020
1810,550,338,1958
1811,550,328,1868
1812,550,337,1922
1813,550,344,1934
1814,550,334,1915
1815,550,354,1936
1816,550,347,1987
1817,550,346,1926
1818,550,342,1967
1819,550,336,1952
1820,550,353,1926
1821,550,341,1952
1822,550,355,1956
1823,550,344,1940
1824,550,338,1938
1825,550,330,1901
1826,550,334,1938
1827,550,345,1917
1828,550,354,1882
1829,550,336,1932
1830,550,365,1965
1831,550,331,2000
1832,550,331,1898
1833,550,333,1927
1834,550,333,1914
1835,550,367,2026
1836,550,337,1953
1837,550,340,1994
1838,550,339,1980
1839,550,342,1933
1840,550,346,1951
1841,550,345,1915
1842,550,340,1964
1843,550,330,1921
1844,550,343,1936
1845,550,338,1948
1846,550,352,1962
1847,550,337,1978
1848,550,339,1894
1849,550,340,1920
1850,550,339,1949
1851,550,334,1906
1852,550,342,1918
1853,550,325,1915
1854,550,338,2013
1855,550,332,1900
1856,550,337,1935
1857,550,394,1915
1858,550,332,1902
1859,550,341,1944
1860,550,335,1924
1861,550,330,1934
1862,550,337,1897
1863,550,335,1931
1864,550,348,1913
1865,550,334,1909
1866,550,337,1909
1867,550,361,2043
1868,550,345,2043
1869,550,342,1973
1870,550,348,1943
1871,550,337,1918
1872,550,339,1981
1873,550,376,1950
1874,550,344,1954
1875,550,347,1970
1876,550,333,1937
1877,550,337,1941
1878,550,340,1896
1879,550,334,1902
1880,550,333,1896
1881,550,343,1907
1882,550,338,1898
1883,550,338,1990
1884,550,340,1946
1885,550,345,2059
1886,550,373,1941
1887,550,351,2058
1888,550,330,1886
1889,550,345,1988
1890,550,336,1936
1891,550,338,1903
1892,550,338,1946
1893,550,473,2304
1894,550,344,1982
1895,550,343,1965
1896,550,343,1916
1897,550,339,1958
1898,550,345,1960
1899,550,361,1907
1900,550,326,1841
1901,550,337,1938
1902,550,475,1939
1903,550,344,1950
1904,550,332,1874
1905,550,338,1937
1906,550,339,1905
1907,550,346,1994
1908,550,348,1967
1909,550,369,1914
1910,550,345,1908
1911,550,342,1920
1912,550,338,1939
1913,550,342,2000
1914,550,354,1960
1915,550,337,1908
1916,550,339,1917
1917,550,338,1918
1918,550,341,1936
1919,550,337,1933
1920,550,369,2000
1921,550,353,1887
1922,550,333,1873
1923,550,342,1948
1924,550,338,1952
1925,550,337,1910
1926,550,337,1949
1927,550,333,1896
1928,550,337,1904
1929,550,338,1912
1930,550,341,1980
1931,550,341,1942
1932,550,337,1931
1933,550,369,1917
1934,550,333,1907
1935,550,348,1925
1936,550,327,1880
1937,550,330,1891
1938,550,338,1981
1939,550,339,1877
1940,550,352,1892
1941,550,348,1964
1942,550,339,1921
1943,550,343,1908
1944,550,339,1928
1945,550,370,1949
1946,550,330,1916
1947,550,349,1881
1948,550,346,1954
1949,550,343,1933
1950,550,328,1895
1951,550,330,1892
1952,550,355,1934
1953,550,341,1928
1954,550,340,1893
1955,550,344,1973
1956,550,352,1983
1957,550,346,2011
1958,550,346,1957
1959,550,342,1895
1960,550,338,1925
1961,550,342,1879
1962,550,335,1909
1963,550,342,1998
1964,550,346,1944
1965,550,341,1901
1966,550,332,1890
1967,550,335,1936
1968,550,333,1899
1969,550,342,1923
1970,550,332,1947
1971,550,334,1922
1972,550,335,1951
1973,550,341,1913
1974,550,327,1874
1975,550,333,1865
1976,550,340,1902
1977,550,334,1904
1978,550,327,1867
1979,550,339,1899
1980,550,340,1928
1981,550,353,1905
1982,550,333,1940
1983,550,337,1898
1984,550,349,1939
1985,550,336,1906
1986,550,343,1941
1987,550,327,1928
1988,550,336,1958
1989,550,338,1915
1990,550,343,1897
1991,550,342,1922
1992,550,347,1940
1993,550,352,1941
1994,550,341,1988
1995,550,340,1925
1996,550,382,1967
1997,550,338,1960
1998,550,338,1912
1999,550,340,1932
2000,600,380,2130
2001,600,390,2228
2002,600,402,2212
2003,600,381,2133
2004,600,384,2132
2005,600,381,2106
2006,600,386,2165
2007,600,401,2145
2008,600,385,2186
2009,600,380,2155
2010,600,386,2163
2011,600,387,2152
2012,600,384,2148
2013,600,382,2161
2014,600,384,2167
2015,600,381,2143
2016,600,386,2201
2017,600,392,2237
2018,600,381,2212
2019,600,390,2265
2020,600,390,2219
2021,600,410,2150
2022,600,386,2128
2023,600,394,2118
2024,600,382,2168
2025,600,389,2155
2026,600,396,2153
2027,600,395,2160
2028,600,383,2123
2029,600,379,2138
2030,600,381,2182
2031,600,389,2217
2032,600,404,2273
2033,600,403,2200
2034,600,375,2184
2035,600,383,2134
2036,600,378,2136
2037,600,380,2114
2038,600,377,2188
2039,600,384,2221
2040,600,394,2189
2041,600,394,2137
2042,600,414,2173
2043,600,389,2127
2044,600,390,2281
2045,600,404,2338
2046,600,382,2175
2047,600,388,2177
2048,600,389,2160
2049,600,379,2183
2050,600,394,2168
2051,600,386,2135
2052,600,387,2152
2053,600,390,2164
2054,600,398,2133
2055,600,390,2216
2056,600,392,2128
2057,600,394,2156
2058,600,384,2152
2059,600,380,2111
2060,600,388,2179
2061,600,379,2110
2062,600,377,2151
2063,600,387,2132
2064,600,383,2152
2065,600,377,2162
2066,600,385,2228
2067,600,381,2146
2068,600,382,2136
2069,600,385,2222
2070,600,396,2166
2071,600,380,2112
2072,600,381,2230
2073,600,378,2138
2074,600,392,2200
2075,600,388,2157
2076,600,385,2185
2077,600,387,2145
2078,600,378,2148
2079,600,432,2219
2080,600,380,2118
2081,600,390,2201
2082,600,391,2205
2083,600,397,2179
2084,600,382,2126
2085,600,386,2145
2086,600,382,2131
2087,600,375,2117
2088,600,386,2126
2089,600,382,2172
2090,600,385,2150
2091,600,383,2127
2092,600,381,2112
2093,600,385,2114
2094,600,392,2166
2095,600,393,2160
2096,600,386,2130
2097,600,483,2354
2098,600,398,2253
2099,600,405,2332
2100,600,383,2168
2101,600,386,2234
2102,600,398,2221
2103,600,383,2199
2104,600,383,2126
2105,600,388,2169
2106,600,388,2199
2107,600,387,2157
2108,600,394,2149
2109,600,392,2241
2110,600,379,2130
2111,600,387,2199
2112,600,381,2125
2113,600,383,2183
2114,600,393,2203
2115,600,381,2209
2116,600,441,2096
2117,600,385,2189
2118,600,447,2124
2119,600,380,2169
2120,600,384,2129
2121,600,382,2114
2122,600,378,2159
2123,600,386,2178
2124,600,386,2167
2125,600,385,2156
2126,600,382,2186
2127,600,385,2196
2128,600,383,2159
2129,600,378,2163
2130,600,377,2096
2131,600,406,2151
2132,600,383,2218
2133,600,378,2160
2134,600,393,2154
2135,600,392,2169
2136,600,387,2184
2137,600,382,2171
2138,600,378,2107
2139,600,387,2183
2140,600,377,2131
2141,600,391,2130
2142,600,392,2158
2143,600,395,2158
2144,600,379,2213
2145,600,383,2190
2146,600,387,2118
2147,600,384,2156
2148,600,381,2166
2149,600,386,2200
2150,600,398,2239
2151,600,393,2146
2152,600,382,2167
2153,600,386,2158
2154,600,381,2147
2155,600,405,2251
2156,600,386,2195
2157,600,381,2160
2158,600,381,2128
2159,600,391,2188
2160,600,384,2110
2161,600,386,2157
2162,600,378,2145
2163,600,394,2120
2164,600,383,2137
2165,600,385,2161
2166,600,387,2179
2167,600,395,2219
2168,600,385,2158
2169,600,391,2209
2170,600,393,2186
2171,600,398,2161
2172,600,416,2144
2173,600,396,2170
2174,600,382,2129
2175,600,397,2141
2176,600,390,2231
2177,600,383,2170
2178,600,381,2143
2179,600,378,2138
2180,600,387,2132
2181,600,380,2172
2182,600,379,2153
2183,600,388,2165
2184,600,380,2121
2185,600,387,2162
2186,600,398,2212
2187,600,385,2156
2188,600,387,2176
2189,600,390,2140
2190,600,384,2150
2191,600,388,2116
2192,600,382,2121
2193,600,381,2136
2194,600,394,2151
2195,600,387,2170
2196,600,405,2146
2197,600,388,2133
2198,600,423,2269
2199,600,389,2233
2200,650,444,2490
2201,650,444,2567
2202,650,445,2603
2203,650,443,2446
2204,650,446,2443
2205,650,439,2493
2206,650,451,2507
2207,650,448,2476
2208,650,437,2490
2209,650,430,2416
2210,650,439,2493
2211,650,443,2459
2212,650,439,2465
2213,650,439,2415
2214,650,439,2470
2215,650,438,2426
2216,650,455,2428
2217,650,440,2463
2218,650,452,2444
2219,650,440,2563
2220,650,447,2506
2221,650,431,2416
2222,650,447,2634
2223,650,429,2473
2224,650,442,2477
2225,650,431,2419
2226,650,475,2581
2227,650,440,2443
2228,650,424,2436
2229,650,435,2442
2230,650,441,2482
2231,650,444,2516
2232,650,426,2382
2233,650,430,2482
2234,650,436,2413
2235,650,436,2394
2236,650,427,2400
2237,650,439,2472
2238,650,441,2467
2239,650,445,2445
2240,650,446,2469
2241,650,438,2565
2242,650,469,2494
2243,650,435,2418
2244,650,438,2495
2245,650,442,2422
2246,650,451,2467
2247,650,458,2541
2248,650,434,2436
2249,650,444,2460
2250,650,447,2477
2251,650,445,2484
2252,650,440,2414
2253,650,449,2536
2254,650,518,2486
2255,650,439,2531
2256,650,436,2395
2257,650,456,2490
2258,650,462,2436
2259,650,438,2450
2260,650,431,2362
2261,650,456,2467
2262,650,432,2474
2263,650,442,2475
2264,650,434,2422
2265,650,442,2448
2266,650,489,2454
2267,650,439,2432
2268,650,446,2406
2269,650,440,2428
2270,650,440,2522
2271,650,439,2510
2272,650,448,2488
2273,650,437,2406
2274,650,447,2542
2275,650,444,2472
2276,650,446,2536
2277,650,439,2471
2278,650,451,2609
2279,650,435,2420
2280,650,435,2484
2281,650,435,2423
2282,650,443,2450
2283,650,440,2494
2284,650,454,2459
2285,650,436,2417
2286,650,439,2443
2287,650,438,2512
2288,650,432,2430
2289,650,444,2552
2290,650,436,2403
2291,650,442,2457
2292,650,429,2353
2293,650,440,2473
2294,650,437,2406
2295,650,437,2442
2296,650,446,2435
2297,650,459,2478
2298,650,437,2412
2299,650,454,2476
2300,650,419,2358
2301,650,428,2451
2302,650,450,2485
2303,650,439,2429
2304,650,444,2567
2305,650,451,2462
2306,650,438,2366
2307,650,432,2469
2308,650,433,2397
2309,650,441,2418
2310,650,479,2534
2311,650,443,2497
2312,650,444,2497
2313,650,450,2421
2314,650,438,2494
2315,650,442,2468
2316,650,438,2482
2317,650,434,2512
2318,650,456,2467
2319,650,443,2464
2320,650,435,2420
2321,650,471,2398
2322,650,443,2535
2323,650,443,2451
2324,650,429,2451
2325,650,432,2435
2326,650,443,2530
2327,650,438,2498
2328,650,435,2485
2329,650,434,2418
2330,650,432,2444
2331,650,436,2450
2332,650,443,2436
2333,650,431,2393
2334,650,477,2382
2335,650,439,2444
2336,650,443,2507
2337,650,453,2452
2338,650,472,2515
2339,650,438,2448
2340,650,439,2435
2341,650,443,2494
2342,650,436,2468
2343,650,436,2482
2344,650,433,2405
2345,650,436,2437
2346,650,467,2459
2347,650,437,2387
2348,650,436,2474
2349,650,431,2384
2350,650,452,2542
2351,650,434,2473
2352,650,432,2456
2353,650,451,2498
2354,650,436,2542
2355,650,447,2476
2356,650,430,2403
2357,650,435,2423
2358,650,435,2525
2359,650,437,2432
2360,650,464,2518
2361,650,437,2386
2362,650,430,2370
2363,650,443,2440
2364,650,446,2491
2365,650,440,2394
2366,650,430,2397
2367,650,447,2488
2368,650,438,2452
2369,650,428,2427
2370,650,439,2434
2371,650,439,2443
2372,650,436,2457
2373,650,488,2922
2374,650,454,2416
2375,650,463,2567
2376,650,453,2528
2377,650,444,2517
2378,650,450,2623
2379,650,443,2459
2380,650,445,2463
2381,650,446,2655
2382,650,447,2476
2383,650,436,2565
2384,650,437,2436
2385,650,435,2467
2386,650,435,2408
2387,650,443,2482
2388,650,441,2573
2389,650,441,2531
2390,650,489,2665
2391,650,439,2473
2392,650,452,2489
2393,650,447,2509
2394,650,442,2438
2395,650,444,2540
2396,650,444,2498
2397,650,435,2424
2398,650,455,2515
2399,650,438,2420
2400,700,501,2743
2401,700,499,2734
2402,700,487,2735
2403,700,481,2673
2404,700,495,2651
2405,700,491,2681
2406,700,523,3000
2407,700,499,2678
2408,700,490,2687
2409,700,497,2743
2410,700,490,2647
2411,700,494,2714
2412,700,489,2659
2413,700,491,2679
2414,700,494,2714
2415,700,493,2743
2416,700,497,2653
2417,700,492,2716
2418,700,498,2664
2419,700,485,2657
2420,700,496,2780
2421,700,490,2751
2422,700,493,2723
2423,700,483,2634
2424,700,484,2673
2425,700,486,2786
2426,700,504,2714
2427,700,492,2681
2428,700,496,2718
2429,700,485,2688
2430,700,502,2777
2431,700,496,2814
2432,700,483,2675
2433,700,497,2740
2434,700,486,2638
2435,700,504,2753
2436,700,491,2663
2437,700,482,2725
2438,700,500,2682
2439,700,491,2650
2440,700,521,2712
2441,700,524,2703
2442,700,494,2732
2443,700,509,2869
2444,700,496,2748
2445,700,496,2782
2446,700,521,2707
2447,700,491,2716
2448,700,499,2701
2449,700,474,2614
2450,700,487,2686
2451,700,486,2671
2452,700,499,2702
2453,700,493,2692
2454,700,481,2649
2455,700,497,2705
2456,700,509,2715
2457,700,494,2666
2458,700,544,2729
2459,700,499,2661
2460,700,496,2694
2461,700,503,2732
2462,700,493,2715
2463,700,502,2704
2464,700,478,2631
2465,700,497,2751
2466,700,488,2705
2467,700,485,2772
2468,700,492,2705
2469,700,531,2690
2470,700,490,2651
2471,700,492,2668
2472,700,490,2691
2473,700,480,2644
2474,700,498,2749
2475,700,490,2676
2476,700,521,2647
2477,700,494,2728
2478,700,499,2670
2479,700,482,2673
2480,700,477,2636
2481,700,488,2681
2482,700,477,2681
2483,700,492,2694
2484,700,489,2616
2485,700,489,2709
2486,700,518,2744
2487,700,489,2722
2488,700,499,2801
2489,700,490,2674
2490,700,520,2745
2491,700,498,2724
2492,700,499,2705
2493,700,486,2697
2494,700,495,2752
2495,700,486,2683
2496,700,490,2673
2497,700,481,2670
2498,700,489,2669
2499,700,496,2733
2500,700,478,2699
2501,700,484,2696
2502,700,493,2687
2503,700,482,2688
2504,700,500,2713
2505,700,513,2681
2506,700,480,2630
2507,700,501,2700
2508,700,486,2701
2509,700,500,2695
2510,700,495,2686
2511,700,485,2727
2512,700,519,2801
2513,700,507,2744
2514,700,496,2696
2515,700,491,2667
2516,700,495,2718
2517,700,507,2695
2518,700,492,2728
2519,700,492,2682
2520,700,500,2760
2521,700,490,2685
2522,700,550,2721
2523,700,486,2664
2524,700,581,2762
2525,700,485,2680
2526,700,562,2669
2527,700,491,2651
2528,700,492,2652
2529,700,488,2633
2530,700,508,2718
2531,700,496,2712
2532,700,511,2708
2533,700,489,2706
2534,700,497,2720
2535,700,501,2745
2536,700,503,2794
2537,700,517,2763
2538,700,508,2716
2539,700,491,2689
2540,700,487,2667
2541,700,502,2694
2542,700,489,2714
2543,700,502,2691
2544,700,489,2692
2545,700,488,2684
2546,700,487,2708
2547,700,502,2750
2548,700,486,2646
2549,700,493,2707
2550,700,490,2683
2551,700,503,2758
2552,700,507,2725
2553,700,494,2682
2554,700,517,2782
2555,700,494,2747
2556,700,492,2806
2557,700,500,2729
2558,700,501,2693
2559,700,489,2717
2560,700,492,2658
2561,700,493,2727
2562,700,492,2691
2563,700,502,2765
2564,700,488,2647
2565,700,495,2654
2566,700,490,2714
2567,700,487,2671
2568,700,485,2664
2569,700,562,2702
2570,700,492,2662
2571,700,502,2732
2572,700,499,2722
2573,700,498,2767
2574,700,489,2696
2575,700,502,2668
2576,700,493,2684
2577,700,499,2736
2578,700,496,2643
2579,700,476,2751
2580,700,488,2724
2581,700,508,2725
2582,700,491,2652
2583,700,495,2784
2584,700,498,2697
2585,700,489,2730
2586,700,492,2758
2587,700,492,2741
2588,700,482,2696
2589,700,497,2757
2590,700,493,2713
2591,700,508,2836
2592,700,492,2681
2593,700,563,2740
2594,700,509,2787
2595,700,529,2693
2596,700,495,2655
2597,700,500,2778
2598,700,502,2725
2599,700,516,2781
2600,750,565,3071
2601,750,578,3005
2602,750,561,2966
2603,750,561,2981
2604,750,560,2938
2605,750,552,3017
2606,750,558,3032
2607,750,541,2859
2608,750,553,2999
2609,750,565,2974
2610,750,542,2953
2611,750,543,3003
2612,750,569,3011
2613,750,558,3056
2614,750,556,2960
2615,750,541,2931
2616,750,539,2930
2617,750,542,2937
2618,750,540,2880
2619,750,577,2851
2620,750,543,2930
2621,750,545,2925
2622,750,541,2928
2623,750,544,2892
2624,750,552,2982
2625,750,539,2924
2626,750,552,3056
2627,750,593,3018
2628,750,549,2951
2629,750,554,2934
2630,750,555,2923
2631,750,551,2937
2632,750,542,2967
2633,750,543,2922
2634,750,538,3015
2635,750,548,2912
2636,750,553,2893
2637,750,544,2943
2638,750,544,2888
2639,750,549,2941
2640,750,555,3118
2641,750,556,3038
2642,750,552,2998
2643,750,565,2966
2644,750,551,3030
2645,750,563,3079
2646,750,577,3089
2647,750,549,2989
2648,750,547,2959
2649,750,559,3043
2650,750,550,2925
2651,750,539,2907
2652,750,535,2923
2653,750,557,2988
2654,750,555,2969
2655,750,536,2925
2656,750,534,2898
2657,750,548,2982
2658,750,550,2939
2659,750,555,3041
2660,750,544,3017
2661,750,547,2979
2662,750,550,3002
2663,750,586,2968
2664,750,577,3134
2665,750,553,2984
2666,750,544,2910
2667,750,553,2968
2668,750,562,2936
2669,750,546,2958
2670,750,550,3073
2671,750,549,2966
2672,750,543,2914
2673,750,553,2902
2674,750,561,2959
2675,750,552,3165
2676,750,557,2955
2677,750,553,2999
2678,750,542,3021
2679,750,584,3090
2680,750,537,2884
2681,750,536,2916
2682,750,547,2979
2683,750,547,3042
2684,750,550,2945
2685,750,544,3015
2686,750,540,2930
2687,750,542,3016
2688,750,560,2973
2689,750,557,3346
2690,750,564,3034
2691,750,542,2940
2692,750,546,2966
2693,750,549,2944
2694,750,545,2923
2695,750,539,2925
2696,750,544,2938
2697,750,551,2925
2698,750,545,2987
2699,750,551,2937
2700,750,551,3066
2701,750,550,3046
2702,750,542,2922
2703,750,557,2975
2704,750,559,2985
2705,750,564,3005
2706,750,542,2951
2707,750,567,3027
2708,750,560,3069
2709,750,557,3014
2710,750,545,2989
2711,750,538,2917
2712,750,552,2963
2713,750,550,2945
2714,750,568,2916
2715,750,542,2933
2716,750,549,2919
2717,750,541,2923
2718,750,541,2953
2719,750,549,2935
2720,750,574,2968
2721,750,563,3020
2722,750,549,2951
2723,750,568,2976
2724,750,551,3172
2725,750,579,3096
2726,750,548,2956
2727,750,550,2988
2728,750,583,3113
2729,750,550,2909
2730,750,557,3039
2731,750,561,3145
2732,750,553,2934
2733,750,550,3021
2734,750,555,2999
2735,750,544,2966
2736,750,543,3051
2737,750,541,2948
2738,750,542,2989
2739,750,569,2966
2740,750,566,2929
2741,750,544,2929
2742,750,556,3040
2743,750,556,3036
2744,750,545,2966
2745,750,544,2943
2746,750,550,2973
2747,750,544,2918
2748,750,582,3139
2749,750,556,2977
2750,750,546,2995
2751,750,548,2918
2752,750,560,2957
2753,750,560,3009
2754,750,547,2930
2755,750,545,2983
2756,750,557,2969
2757,750,546,2920
2758,750,549,3123
2759,750,547,2955
2760,750,548,2943
2761,750,554,2946
2762,750,548,2993
2763,750,547,2926
2764,750,542,2938
2765,750,551,2952
2766,750,537,2916
2767,750,549,2910
2768,750,545,2936
2769,750,554,3011
2770,750,531,2977
2771,750,531,2918
2772,750,572,3075
2773,750,538,2988
2774,750,548,3019
2775,750,552,2921
2776,750,548,2959
2777,750,551,2998
2778,750,539,2897
2779,750,545,3024
2780,750,550,3006
2781,750,547,3009
2782,750,654,2999
2783,750,546,3060
2784,750,543,2943
2785,750,547,2956
2786,750,544,2996
2787,750,545,2942
2788,750,540,2927
2789,750,541,2895
2790,750,547,2948
2791,750,572,3011
2792,750,543,3057
2793,750,541,2954
2794,750,552,2958
2795,750,546,2912
2796,750,567,2962
2797,750,542,2945
2798,750,543,3011
2799,750,563,2954
2800,800,594,3231
2801,800,617,3227
2802,800,621,3258
2803,800,600,3252
2804,800,619,3219
2805,800,625,3323
2806,800,608,3201
2807,800,641,3237
2808,800,614,3235
2809,800,606,3218
2810,800,618,3227
2811,800,608,3217
2812,800,613,3243
2813,800,642,3315
2814,800,601,3263
2815,800,610,3261
2816,800,611,3234
2817,800,595,3200
2818,800,606,3238
2819,800,614,3234
2820,800,609,3232
2821,800,615,3276
2822,800,614,3243
2823,800,627,3265
2824,800,632,3353
2825,800,604,3276
2826,800,627,3135
2827,800,614,3200
2828,800,601,3184
2829,800,594,3064
2830,800,627,3323
2831,800,625,3367
2832,800,635,3385
2833,800,628,3405
2834,800,700,3395
2835,800,646,3406
2836,800,642,3315
2837,800,620,3332
2838,800,619,3353
2839,800,621,3286
2840,800,603,3196
2841,800,608,3437
2842,800,613,3247
2843,800,605,3240
2844,800,603,3210
2845,800,614,3242
2846,800,607,3244
2847,800,626,3320
2848,800,603,3207
2849,800,604,3209
2850,800,617,3250
2851,800,626,3336
2852,800,627,3287
2853,800,615,3279
2854,800,617,3227
2855,800,609,3220
2856,800,612,3289
2857,800,601,3212
2858,800,599,3212
2859,800,624,3289
2860,800,614,3312
2861,800,642,3379
2862,800,639,3375
2863,800,654,3348
2864,800,675,3305
2865,800,668,3309
2866,800,627,3360
2867,800,620,3358
2868,800,610,3225
2869,800,607,3234
2870,800,606,3180
2871,800,644,3289
2872,800,609,3232
2873,800,613,3218
2874,800,612,3311
2875,800,640,3424
2876,800,641,3351
2877,800,638,3280
2878,800,617,3325
2879,800,627,3383
2880,800,627,3390
2881,800,628,3472
2882,800,641,3395
2883,800,632,3341
2884,800,644,3352
2885,800,631,3395
2886,800,617,3424
2887,800,652,3342
2888,800,627,3429
2889,800,614,3263
2890,800,616,3236
2891,800,598,3243
2892,800,620,3243
2893,800,602,3167
2894,800,616,3295
2895,800,645,3376
2896,800,623,3338
2897,800,611,3294
2898,800,606,3350
2899,800,617,3317
2900,800,639,3272
2901,800,658,3309
2902,800,628,3310
2903,800,1015,4538
2904,800,651,3530
2905,800,640,3535
2906,800,629,3552
2907,800,623,3363
2908,800,631,3330
2909,800,678,3723
2910,800,627,3640
2911,800,646,3560
2912,800,677,3601
2913,800,622,3525
2914,800,603,3370
2915,800,617,3389
2916,800,609,3392
2917,800,624,3270
2918,800,613,3306
2919,800,640,3703
2920,800,625,3477
2921,800,629,3380
2922,800,624,3316
2923,800,619,3375
2924,800,646,3508
2925,800,632,3496
2926,800,658,3354
2927,800,634,3401
2928,800,631,3357
2929,800,650,3424
2930,800,660,3440
2931,800,639,3495
2932,800,638,3428
2933,800,642,3468
2934,800,656,3667
2935,800,622,3416
2936,800,670,3341
2937,800,634,3400
2938,800,634,3399
2939,800,633,3387
2940,800,619,3456
2941,800,628,3456
2942,800,644,3507
2943,800,634,3451
2944,800,636,3535
2945,800,629,3427
2946,800,674,3338
2947,800,667,3355
2948,800,628,3486
2949,800,657,3597
2950,800,636,3611
2951,800,629,3442
2952,800,642,3409
2953,800,647,3479
2954,800,618,3346
2955,800,617,3306
2956,800,621,3287
2957,800,626,3240
2958,800,613,3273
2959,800,618,3287
2960,800,688,3412
2961,800,620,3378
2962,800,606,3269
2963,800,614,3302
2964,800,615,3242
2965,800,613,3225
2966,800,651,3269
2967,800,708,3289
2968,800,606,3314
2969,800,691,3256
2970,800,638,3400
2971,800,622,3407
2972,800,657,3434
2973,800,735,3785
2974,800,657,3652
2975,800,637,3595
2976,800,667,3423
2977,800,638,3485
2978,800,625,3406
2979,800,646,3533
2980,800,635,3470
2981,800,651,3669
2982,800,623,3439
2983,800,626,3331
2984,800,613,3272
2985,800,608,3211
2986,800,624,3308
2987,800,603,3196
2988,800,616,3311
2989,800,617,3234
2990,800,612,3261
2991,800,658,3258
2992,800,601,3252
2993,800,609,3260
2994,800,618,3300
2995,800,639,3521
2996,800,617,3343
2997,800,635,3655
2998,800,688,3624
2999,800,638,3557
3000,850,732,3970
3001,850,691,3609
3002,850,692,3751
3003,850,685,3843
3004,850,712,3697
3005,850,688,3786
3006,850,695,3676
3007,850,725,3867
3008,850,687,3564
3009,850,716,3773
3010,850,690,3741
3011,850,699,3621
3012,850,682,3731
3013,850,684,3706
3014,850,675,3525
3015,850,670,3525
3016,850,722,3558
3017,850,697,3629
3018,850,669,3514
3019,850,705,3605
3020,850,673,3541
3021,850,682,3833
3022,850,669,3573
3023,850,754,3716
3024,850,707,4079
3025,850,742,3865
3026,850,717,4015
3027,850,774,3680
3028,850,746,3966
3029,850,698,3713
3030,850,706,3691
3031,850,669,3641
3032,850,724,3764
3033,850,712,3623
3034,850,674,3737
3035,850,670,3541
3036,850,676,3613
3037,850,664,3720
3038,850,688,3499
3039,850,698,3610
3040,850,665,3519
3041,850,1151,3894
3042,850,662,3652
3043,850,700,3700
3044,850,631,3849
3045,850,728,3758
3046,850,688,3683
3047,850,842,3998
3048,850,733,3831
3049,850,697,3732
3050,850,1223,6040
3051,850,694,3865
3052,850,707,3766
3053,850,709,3708
3054,850,731,3917
3055,850,714,3767
3056,850,763,4023
3057,850,769,3697
3058,850,755,3750
3059,850,710,3572
3060,850,691,3699
3061,850,736,3622
3062,850,699,3644
3063,850,807,3800
3064,850,710,3530
3065,850,712,3783
3066,850,688,3631
3067,850,715,3989
3068,850,689,3676
3069,850,692,3599
3070,850,681,3550
3071,850,688,3598
3072,850,693,3700
3073,850,695,3664
3074,850,695,3835
3075,850,678,3609
3076,850,799,5387
3077,850,727,3896
3078,850,677,3607
3079,850,688,3784
3080,850,706,3697
3081,850,813,4233
3082,850,705,3646
3083,850,869,4791
3084,850,760,3927
3085,850,684,3616
3086,850,1288,3912
3087,850,823,4008
3088,850,805,4142
3089,850,685,3618
3090,850,1156,6392
3091,850,682,3720
3092,850,1166,3998
3093,850,685,3683
3094,850,922,3854
3095,850,717,3658
3096,850,692,3666
3097,850,689,3713
3098,850,701,3723
3099,850,719,4010
3100,850,720,3965
3101,850,753,3780
3102,850,789,3604
3103,850,685,3667
3104,850,826,3668
3105,850,683,3636
3106,850,766,4097
3107,850,706,3622
3108,850,701,3709
3109,850,680,3764
3110,850,694,3694
3111,850,816,4288
3112,850,678,3589
3113,850,686,3685
3114,850,789,4219
3115,850,725,3723
3116,850,687,3786
3117,850,788,4690
3118,850,679,3565
3119,850,670,3630
3120,850,709,3651
3121,850,691,3608
3122,850,670,3469
3123,850,694,3672
3124,850,671,3567
3125,850,688,3543
3126,850,674,3584
3127,850,705,3634
3128,850,688,3599
3129,850,727,3561
3130,850,679,3582
3131,850,824,4177
3132,850,820,3574
3133,850,690,3625
3134,850,678,3524
3135,850,924,4342
3136,850,778,4059
3137,850,1096,5891
3138,850,937,4726
3139,850,733,3851
3140,850,713,3838
3141,850,699,3763
3142,850,691,3691
3143,850,675,3615
3144,850,707,3826
3145,850,727,3545
3146,850,752,4058
3147,850,696,3623
3148,850,712,3847
3149,850,673,3525
3150,850,660,3495
3151,850,700,3685
3152,850,703,3674
3153,850,695,3694
3154,850,647,3711
3155,850,679,3653
3156,850,796,3773
3157,850,675,3581
3158,850,675,3661
3159,850,721,3678
3160,850,785,3587
3161,850,683,3605
3162,850,666,3655
3163,850,683,3570
3164,850,677,3551
3165,850,679,3577
3166,850,675,3699
3167,850,677,3689
3168,850,679,3576
3169,850,702,3577
3170,850,692,3639
3171,850,665,3581
3172,850,670,3558
3173,850,882,3972
3174,850,782,4020
3175,850,1079,6163
3176,850,734,3555
3177,850,676,3545
3178,850,708,3573
3179,850,692,3814
3180,850,674,3581
3181,850,756,3781
3182,850,695,3633
3183,850,713,3684
3184,850,695,3604
3185,850,666,3472
3186,850,695,3576
3187,850,688,3531
3188,850,688,3573
3189,850,690,3646
3190,850,695,3657
3191,850,678,3639
3192,850,681,3540
3193,850,664,3527
3194,850,679,3596
3195,850,680,3593
3196,850,670,3662
3197,850,711,3492
3198,850,805,4547
3199,850,711,3751
3200,900,803,4423
3201,900,754,3844
3202,900,749,3851
3203,900,754,4033
3204,900,748,3941
3205,900,777,4030
3206,900,863,4485
3207,900,960,4494
3208,900,795,4151
3209,900,926,4213
3210,900,818,4325
3211,900,779,4068
3212,900,762,3841
3213,900,758,3967
3214,900,739,3835
3215,900,781,3887
3216,900,774,4061
3217,900,800,3923
3218,900,1199,3915
3219,900,776,3986
3220,900,1436,7260
3221,900,1342,7010
3222,900,1379,7193
3223,900,1370,7419
3224,900,1320,6837
3225,900,769,3985
3226,900,746,3843
3227,900,836,4091
3228,900,762,3929
3229,900,762,4184
3230,900,760,3906
3231,900,744,3868
3232,900,786,3868
3233,900,822,3918
3234,900,782,3965
3235,900,776,3822
3236,900,800,4162
3237,900,745,3850
3238,900,762,3947
3239,900,881,5275
3240,900,774,3951
3241,900,748,3924
3242,900,786,3862
3243,900,775,3999
3244,900,739,3875
3245,900,762,3912
3246,900,811,3920
3247,900,770,4099
3248,900,761,3948
3249,900,732,3812
3250,900,750,4112
3251,900,901,4595
3252,900,755,3832
3253,900,793,3869
3254,900,776,4281
3255,900,759,4068
3256,900,755,3992
3257,900,761,3948
3258,900,808,4240
3259,900,776,4057
3260,900,790,4056
3261,900,948,6216
3262,900,784,4064
3263,900,779,4014
3264,900,908,4057
3265,900,770,4037
3266,900,756,3940
3267,900,987,4006
3268,900,823,3985
3269,900,780,4075
3270,900,891,4958
3271,900,823,4211
3272,900,820,4029
3273,900,779,3909
3274,900,762,3879
3275,900,801,4155
3276,900,902,3926
3277,900,754,3933
3278,900,833,4212
3279,900,816,4038
3280,900,790,4080
3281,900,818,4269
3282,900,762,3969
3283,900,775,3968
3284,900,754,3958
3285,900,805,4461
3286,900,772,4047
3287,900,764,4003
3288,900,781,4132
3289,900,807,4406
3290,900,763,3971
3291,900,784,3906
3292,900,758,3856
3293,900,870,4516
3294,900,778,4058
3295,900,713,3710
3296,900,756,4000
3297,900,835,4322
3298,900,753,3935
3299,900,757,4039
3300,900,778,3972
3301,900,913,5308
3302,900,831,4468
3303,900,809,4352
3304,900,1287,5741
3305,900,747,3902
3306,900,1230,6508
3307,900,1214,5350
3308,900,854,5361
3309,900,874,4114
3310,900,761,4172
3311,900,758,4020
3312,900,830,3939
3313,900,755,3970
3314,900,765,4134
3315,900,755,4038
3316,900,890,4846
3317,900,808,4116
3318,900,888,4171
3319,900,831,4039
3320,900,758,4021
3321,900,793,4185
3322,900,791,4269
3323,900,788,4153
3324,900,836,4585
3325,900,871,4390
3326,900,809,4311
3327,900,776,4162
3328,900,882,4699
3329,900,813,4274
3330,900,792,4246
3331,900,818,4345
3332,900,891,3948
3333,900,781,4048
3334,900,793,4097
3335,900,777,4031
3336,900,802,4153
3337,900,761,3891
3338,900,748,3901
3339,900,920,4537
3340,900,756,3851
3341,900,742,3857
3342,900,788,3973
3343,900,775,4251
3344,900,796,3894
3345,900,749,3847
3346,900,779,4013
3347,900,836,4174
3348,900,770,3887
3349,900,743,3855
3350,900,754,3921
3351,900,744,3860
3352,900,740,4237
3353,900,812,3903
3354,900,744,3859
3355,900,755,3945
3356,900,753,3956
3357,900,750,4270
3358,900,738,3889
3359,900,738,3852
3360,900,749,3852
3361,900,750,3942
3362,900,798,4057
3363,900,749,3904
3364,900,745,3817
3365,900,767,4025
3366,900,743,3899
3367,900,752,3985
3368,900,761,3884
3369,900,773,3911
3370,900,763,3815
3371,900,733,3859
3372,900,745,3907
3373,900,753,3868
3374,900,1127,3846
3375,900,752,3854
3376,900,781,3865
3377,900,775,3901
3378,900,749,3940
3379,900,778,4122
3380,900,767,3906
3381,900,778,3901
3382,900,753,3936
3383,900,759,4000
3384,900,749,3898
3385,900,769,3926
3386,900,792,3920
3387,900,830,3965
3388,900,750,3926
3389,900,744,3837
3390,900,758,3889
3391,900,790,4059
3392,900,747,3860
3393,900,747,3794
3394,900,742,3907
3395,900,756,3911
3396,900,939,5320
3397,900,749,3993
3398,900,796,4254
3399,900,751,3890
3400,950,813,4256
3401,950,832,4166
3402,950,827,4255
3403,950,842,4481
3404,950,943,4530
3405,950,903,4517
3406,950,906,4875
3407,950,861,4394
3408,950,1042,4393
3409,950,910,4445
3410,950,850,4361
3411,950,869,4665
3412,950,933,4332
3413,950,851,4540
3414,950,878,4725
3415,950,1218,4427
3416,950,893,4665
3417,950,811,4180
3418,950,833,4501
3419,950,828,4192
3420,950,832,4283
3421,950,829,4236
3422,950,883,4370
3423,950,1036,4248
3424,950,819,4262
3425,950,841,4254
3426,950,833,4529
3427,950,815,4249
3428,950,826,4242
3429,950,837,4468
3430,950,822,4189
3431,950,921,4270
3432,950,887,4521
3433,950,932,5129
3434,950,821,4138
3435,950,876,4773
3436,950,1117,5457
3437,950,879,4618
3438,950,886,4530
3439,950,842,4464
3440,950,1006,4445
3441,950,855,4282
3442,950,801,4167
3443,950,827,4185
3444,950,818,4210
3445,950,898,4714
3446,950,828,4329
3447,950,819,4255
3448,950,890,4428
3449,950,844,4170
3450,950,808,4160
3451,950,858,4351
3452,950,823,4228
3453,950,830,4216
3454,950,839,4361
3455,950,818,4162
3456,950,809,4194
3457,950,815,4185
3458,950,844,4501
3459,950,815,4178
3460,950,830,4206
3461,950,822,4200
3462,950,1058,4620
3463,950,835,4463
3464,950,813,4190
3465,950,815,4226
3466,950,816,4172
3467,950,811,4257
3468,950,838,4513
3469,950,832,4139
3470,950,817,4137
3471,950,906,4187
3472,950,820,4287
3473,950,847,4390
3474,950,808,4113
3475,950,809,4181
3476,950,847,4193
3477,950,853,4161
3478,950,983,4231
3479,950,841,4568
3480,950,840,4282
3481,950,836,4379
3482,950,835,4321
3483,950,816,4343
3484,950,852,4477
3485,950,811,4195
3486,950,803,4171
3487,950,847,4188
3488,950,824,4246
3489,950,836,4346
3490,950,895,4691
3491,950,885,4657
3492,950,839,4181
3493,950,806,4209
3494,950,808,4158
3495,950,827,4176
3496,950,821,4171
3497,950,822,4196
3498,950,822,4263
3499,950,825,4245
3500,950,924,4333
3501,950,802,4077
3502,950,814,4213
3503,950,812,4213
3504,950,881,4303
3505,950,860,4217
3506,950,812,4130
3507,950,826,4236
3508,950,845,4311
3509,950,806,4187
3510,950,795,4103
3511,950,874,4318
3512,950,828,4294
3513,950,856,4154
3514,950,853,4221
3515,950,842,4292
3516,950,834,4377
3517,950,816,4198
3518,950,815,4164
3519,950,827,4274
3520,950,829,4169
3521,950,841,4514
3522,950,738,4059
3523,950,827,4358
3524,950,808,4172
3525,950,809,4154
3526,950,806,4303
3527,950,821,4137
3528,950,805,4152
3529,950,819,4183
3530,950,812,4191
3531,950,814,4123
3532,950,840,4178
3533,950,849,4195
3534,950,850,4334
3535,950,834,4254
3536,950,865,4323
3537,950,811,4164
3538,950,825,4148
3539,950,825,4115
3540,950,827,4217
3541,950,818,4228
3542,950,798,4141
3543,950,822,4235
3544,950,832,4246
3545,950,805,4125
3546,950,815,4210
3547,950,814,4166
3548,950,810,4171
3549,950,805,4164
3550,950,925,4899
3551,950,1072,5328
3552,950,925,4633
3553,950,880,4405
3554,950,910,4623
3555,950,954,4412
3556,950,898,4387
3557,950,827,4260
3558,950,843,4306
3559,950,810,4190
3560,950,847,4302
3561,950,846,4123
3562,950,872,4346
3563,950,836,4286
3564,950,875,4188
3565,950,841,4233
3566,950,821,4210
3567,950,821,4273
3568,950,814,4174
3569,950,807,4155
3570,950,826,4202
3571,950,813,4250
3572,950,814,4240
3573,950,823,4217
3574,950,808,4191
3575,950,843,4179
3576,950,815,4198
3577,950,816,4210
3578,950,819,4197
3579,950,822,4204
3580,950,814,4236
3581,950,832,4254
3582,950,821,4265
3583,950,822,4263
3584,950,821,4213
3585,950,816,4164
3586,950,818,4200
3587,950,810,4199
3588,950,807,4159
3589,950,850,4142
3590,950,835,4236
3591,950,815,4222
3592,950,870,4230
3593,950,831,4146
3594,950,808,4213
3595,950,813,4311
3596,950,818,4223
3597,950,814,4451
3598,950,830,4306
3599,950,819,4226
3600,1000,903,4656
3601,1000,902,4515
3602,1000,879,4492
3603,1000,882,4597
3604,1000,887,4536
3605,1000,883,4452
3606,1000,879,4576
3607,1000,899,4852
3608,1000,891,4640
3609,1000,903,4636
3610,1000,910,4728
3611,1000,1068,4562
3612,1000,908,4486
3613,1000,897,4537
3614,1000,928,4708
3615,1000,872,4490
3616,1000,897,4712
3617,1000,956,4849
3618,1000,885,4547
3619,1000,868,4451
3620,1000,888,4547
3621,1000,875,4434
3622,1000,890,4547
3623,1000,893,4608
3624,1000,883,4539
3625,1000,878,4522
3626,1000,935,4466
3627,1000,880,4492
3628,1000,886,4613
3629,1000,875,4467
3630,1000,880,4532
3631,1000,894,4604
3632,1000,889,4544
3633,1000,883,4495
3634,1000,880,4517
3635,1000,1007,4700
3636,1000,898,4617
3637,1000,895,4752
3638,1000,922,4731
3639,1000,893,4580
3640,1000,906,4528
3641,1000,921,4677
3642,1000,915,4527
3643,1000,878,4569
3644,1000,988,4656
3645,1000,915,4563
3646,1000,888,4633
3647,1000,889,4516
3648,1000,889,4461
3649,1000,885,4465
3650,1000,878,4568
3651,1000,890,4563
3652,1000,881,4506
3653,1000,899,4586
3654,1000,933,4756
3655,1000,1006,4634
3656,1000,879,4502
3657,1000,904,4522
3658,1000,914,4696
3659,1000,895,4529
3660,1000,905,4590
3661,1000,897,4529
3662,1000,894,4470
3663,1000,886,4636
3664,1000,918,4539
3665,1000,887,4542
3666,1000,910,4556
3667,1000,894,4519
3668,1000,934,4696
3669,1000,944,4914
3670,1000,941,4812
3671,1000,869,4428
3672,1000,884,4559
3673,1000,892,4671
3674,1000,916,4558
3675,1000,891,4561
3676,1000,895,4666
3677,1000,946,5031
3678,1000,929,4695
3679,1000,924,4657
3680,1000,934,4647
3681,1000,891,4549
3682,1000,1006,4590
3683,1000,891,4546
3684,1000,894,4523
3685,1000,882,4506
3686,1000,882,4522
3687,1000,883,4527
3688,1000,898,4571
3689,1000,887,4547
3690,1000,874,4684
3691,1000,894,4528
3692,1000,883,4613
3693,1000,891,4628
3694,1000,931,4680
3695,1000,926,4602
3696,1000,893,4550
3697,1000,896,4480
3698,1000,885,4512
3699,1000,897,4541
3700,1000,890,4622
3701,1000,940,4554
3702,1000,890,4712
3703,1000,864,4504
3704,1000,909,4596
3705,1000,891,4707
3706,1000,870,4517
3707,1000,892,4579
3708,1000,902,4675
3709,1000,889,4555
3710,1000,906,4544
3711,1000,934,5030
3712,1000,910,4602
3713,1000,931,4535
3714,1000,911,4535
3715,1000,889,4544
3716,1000,930,4743
3717,1000,942,4573
3718,1000,884,4631
3719,1000,895,4621
3720,1000,886,4573
3721,1000,902,4541
3722,1000,891,4581
3723,1000,882,4509
3724,1000,913,4559
3725,1000,890,4573
3726,1000,897,4575
3727,1000,907,4634
3728,1000,935,4686
3729,1000,899,4591
3730,1000,931,4630
3731,1000,930,4525
3732,1000,894,4502
3733,1000,963,4529
3734,1000,887,4504
3735,1000,877,4613
3736,1000,881,4549
3737,1000,896,4517
3738,1000,871,4554
3739,1000,969,4861
3740,1000,876,4432
3741,1000,924,4528
3742,1000,876,4519
3743,1000,873,4508
3744,1000,901,4810
3745,1000,876,4521
3746,1000,1026,5425
3747,1000,904,4559
3748,1000,884,4482
3749,1000,903,4886
3750,1000,873,4492
3751,1000,926,4635
3752,1000,894,4558
3753,1000,876,4506
3754,1000,927,4590
3755,1000,899,4516
3756,1000,1034,4468
3757,1000,875,4550
3758,1000,880,4570
3759,1000,889,4510
3760,1000,982,5033
3761,1000,953,5051
3762,1000,1001,4590
3763,1000,933,4637
3764,1000,879,4489
3765,1000,871,4543
3766,1000,891,4548
3767,1000,874,4457
3768,1000,899,4559
3769,1000,969,4999
3770,1000,885,4492
3771,1000,979,4566
3772,1000,908,4548
3773,1000,882,4520
3774,1000,884,4543
3775,1000,887,4518
3776,1000,898,4546
3777,1000,916,4470
3778,1000,892,4639
3779,1000,902,4583
3780,1000,955,4818
3781,1000,977,4452
3782,1000,876,4467
3783,1000,884,4553
3784,1000,895,4549
3785,1000,904,4511
3786,1000,886,4502
3787,1000,893,4500
3788,1000,888,4545
3789,1000,890,4613
3790,1000,878,4593
3791,1000,979,4515
3792,1000,876,4534
3793,1000,883,4512
3794,1000,879,4519
3795,1000,891,4547
3796,1000,881,4566
3797,1000,927,4956
3798,1000,914,4786
3799,1000,904,4613
3800,1050,971,4967
3801,1050,968,5009
3802,1050,957,4921
3803,1050,948,4812
3804,1050,972,5028
3805,1050,974,5002
3806,1050,974,4970
3807,1050,950,4810
3808,1050,981,4828
3809,1050,1002,5203
3810,1050,963,4876
3811,1050,977,4790
3812,1050,966,4944
3813,1050,1056,5325
3814,1050,952,4916
3815,1050,964,5281
3816,1050,977,5031
3817,1050,956,4915
3818,1050,948,4838
3819,1050,957,4946
3820,1050,958,4882
3821,1050,971,4867
3822,1050,983,5040
3823,1050,947,4827
3824,1050,965,4890
3825,1050,942,4854
3826,1050,952,4845
3827,1050,989,4854
3828,1050,977,4987
3829,1050,959,4886
3830,1050,948,4911
3831,1050,956,4908
3832,1050,959,4899
3833,1050,956,4825
3834,1050,949,4905
3835,1050,952,4821
3836,1050,1009,5004
3837,1050,956,4863
3838,1050,981,4895
3839,1050,956,4939
3840,1050,1028,5248
3841,1050,981,4856
3842,1050,945,4861
3843,1050,1019,5050
3844,1050,1103,4973
3845,1050,966,5041
3846,1050,967,5095
3847,1050,949,4846
3848,1050,959,4929
3849,1050,949,4914
3850,1050,997,5467
3851,1050,938,4879
3852,1050,957,4997
3853,1050,965,4912
3854,1050,952,4870
3855,1050,960,4898
3856,1050,960,5006
3857,1050,963,4943
3858,1050,1000,5213
3859,1050,967,5180
3860,1050,965,4919
3861,1050,941,4785
3862,1050,939,4826
3863,1050,931,4783
3864,1050,952,4905
3865,1050,952,4856
3866,1050,979,4901
3867,1050,973,4855
3868,1050,974,5005
3869,1050,944,4820
3870,1050,1011,4991
3871,1050,1009,4912
3872,1050,985,5386
3873,1050,988,5478
3874,1050,969,4901
3875,1050,954,4904
3876,1050,953,4880
3877,1050,970,4826
3878,1050,971,4784
3879,1050,989,4847
3880,1050,981,4969
3881,1050,1018,5139
3882,1050,958,4880
3883,1050,958,5073
3884,1050,939,4952
3885,1050,1038,4883
3886,1050,958,4943
3887,1050,964,5008
3888,1050,948,4871
3889,1050,961,4932
3890,1050,973,4864
3891,1050,966,4991
3892,1050,968,4823
3893,1050,979,4837
3894,1050,979,5217
3895,1050,985,4874
3896,1050,983,4924
3897,1050,971,4897
3898,1050,955,4944
3899,1050,942,4792
3900,1050,1028,5055
3901,1050,987,4894
3902,1050,983,4899
3903,1050,969,4961
3904,1050,1038,5167
3905,1050,977,5190
3906,1050,997,5257
3907,1050,976,4897
3908,1050,1064,4953
3909,1050,956,4937
3910,1050,962,5027
3911,1050,964,5009
3912,1050,969,5034
3913,1050,950,4991
3914,1050,969,5049
3915,1050,969,5195
3916,1050,949,4963
3917,1050,944,4868
3918,1050,938,4806
3919,1050,971,4952
3920,1050,952,4927
3921,1050,1039,4958
3922,1050,1011,5120
3923,1050,969,5117
3924,1050,1034,4857
3925,1050,1035,5125
3926,1050,1005,5151
3927,1050,945,4834
3928,1050,950,4914
3929,1050,959,4876
3930,1050,960,4836
3931,1050,945,4833
3932,1050,952,4827
3933,1050,968,4935
3934,1050,946,5027
3935,1050,952,5038
3936,1050,963,5112
3937,1050,942,4864
3938,1050,951,4821
3939,1050,1005,4912
3940,1050,1003,4910
3941,1050,954,4886
3942,1050,970,5176
3943,1050,949,4840
3944,1050,930,4807
3945,1050,973,4939
3946,1050,947,4785
3947,1050,958,4872
3948,1050,955,4834
3949,1050,1051,4890
3950,1050,957,5066
3951,1050,957,4922
3952,1050,957,5044
3953,1050,1056,4936
3954,1050,956,4808
3955,1050,979,5042
3956,1050,964,4954
3957,1050,978,4912
3958,1050,955,4897
3959,1050,958,4845
3960,1050,973,5010
3961,1050,973,4899
3962,1050,970,4897
3963,1050,978,5092
3964,1050,971,4987
3965,1050,957,4838
3966,1050,958,4907
3967,1050,976,4941
3968,1050,957,4966
3969,1050,966,4810
3970,1050,977,4789
3971,1050,1053,4965
3972,1050,974,4854
3973,1050,962,4867
3974,1050,954,4871
3975,1050,976,4896
3976,1050,959,5025
3977,1050,946,4873
3978,1050,957,4856
3979,1050,1007,5067
3980,1050,981,5111
3981,1050,1014,5232
3982,1050,958,4857
3983,1050,1031,5010
3984,1050,988,4931
3985,1050,990,4987
3986,1050,971,5026
3987,1050,950,4930
3988,1050,1005,4834
3989,1050,969,5042
3990,1050,952,5159
3991,1050,970,5039
3992,1050,957,4826
3993,1050,979,4859
3994,1050,962,5027
3995,1050,956,5023
3996,1050,952,4863
3997,1050,956,4865
3998,1050,976,4855
3999,1050,976,4963
4000,1100,1043,5353
4001,1100,1035,5280
4002,1100,1079,5301
4003,1100,1029,5278
4004,1100,1028,5293
4005,1100,1059,5500
4006,1100,1083,5495
4007,1100,1033,5264
4008,1100,1043,5710
4009,1100,1205,6193
4010,1100,1090,5701
4011,1100,1047,5843
4012,1100,1045,5509
4013,1100,1080,5825
4014,1100,1035,5233
4015,1100,1036,5397
4016,1100,1092,5292
4017,1100,1026,5233
4018,1100,1036,5326
4019,1100,1036,5207
4020,1100,1036,5236
4021,1100,1039,5251
4022,1100,1090,5313
4023,1100,1061,5418
4024,1100,1025,5252
4025,1100,1080,5297
4026,1100,1040,5381
4027,1100,1057,5236
4028,1100,1031,5193
4029,1100,1050,5525
4030,1100,1033,5254
4031,1100,1036,5184
4032,1100,1036,5299
4033,1100,1047,5610
4034,1100,1033,5372
4035,1100,1132,5389
4036,1100,1040,5512
4037,1100,1084,5354
4038,1100,1030,5251
4039,1100,1039,5231
4040,1100,1051,5237
4041,1100,1070,5330
4042,1100,1045,5268
4043,1100,1047,5242
4044,1100,1051,5470
4045,1100,1052,5266
4046,1100,1041,5252
4047,1100,1073,5381
4048,1100,1082,5307
4049,1100,1040,5372
4050,1100,1045,5249
4051,1100,1041,5260
4052,1100,1081,5347
4053,1100,1076,5343
4054,1100,1031,5278
4055,1100,1028,5234
4056,1100,1062,5238
4057,1100,1077,5347
4058,1100,1077,5292
4059,1100,1036,5286
4060,1100,1026,5264
4061,1100,1040,5362
4062,1100,1033,5469
4063,1100,1034,5330
4064,1100,1031,5183
4065,1100,1033,5521
4066,1100,1044,5171
4067,1100,1042,5154
4068,1100,1034,5446
4069,1100,1043,5316
4070,1100,1045,5262
4071,1100,1042,5284
4072,1100,1042,5263
4073,1100,1028,5272
4074,1100,1062,5285
4075,1100,1035,5300
4076,1100,1026,5277
4077,1100,1020,5238
4078,1100,1039,5364
4079,1100,1074,5513
4080,1100,1026,5150
4081,1100,1092,5436
4082,1100,1070,5204
4083,1100,1103,5610
4084,1100,1033,5285
4085,1100,1035,5303
4086,1100,1084,5148
4087,1100,1064,5312
4088,1100,1036,5322
4089,1100,1072,5251
4090,1100,1032,5245
4091,1100,1079,5472
4092,1100,1026,5212
4093,1100,1026,5200
4094,1100,1050,5328
4095,1100,1023,5130
4096,1100,1031,5265
4097,1100,1024,5269
4098,1100,1028,5303
4099,1100,1040,5266
4100,1100,1096,5284
4101,1100,1113,5264
4102,1100,1020,5220
4103,1100,1038,5222
4104,1100,1052,5429
4105,1100,1061,5971
4106,1100,1071,5534
4107,1100,1046,5299
4108,1100,1034,5178
4109,1100,1128,5170
4110,1100,1073,5245
4111,1100,1036,5435
4112,1100,1023,5292
4113,1100,1091,5252
4114,1100,1016,5155
4115,1100,1032,5214
4116,1100,1057,5639
4117,1100,1025,5114
4118,1100,1047,5234
4119,1100,1042,5412
4120,1100,1070,5285
4121,1100,1037,5411
4122,1100,1047,5144
4123,1100,1031,5222
4124,1100,1046,5438
4125,1100,1093,5349
4126,1100,1039,5163
4127,1100,1027,5258
4128,1100,1123,5249
4129,1100,1015,5178
4130,1100,1026,5277
4131,1100,1079,5144
4132,1100,1065,5372
4133,1100,1017,5174
4134,1100,1024,5246
4135,1100,1046,5346
4136,1100,1024,5114
4137,1100,1026,5317
4138,1100,1066,5281
4139,1100,1058,5310
4140,1100,1064,5297
4141,1100,1020,5195
4142,1100,1023,5266
4143,1100,1044,5148
4144,1100,1035,5307
4145,1100,1037,5399
4146,1100,1022,5181
4147,1100,1035,5250
4148,1100,1013,5141
4149,1100,1086,5203
4150,1100,1035,5219
4151,1100,1060,5445
4152,1100,1031,5245
4153,1100,1055,5478
4154,1100,1030,5247
4155,1100,1028,5219
4156,1100,1075,5352
4157,1100,1408,5435
4158,1100,1038,5165
4159,1100,1036,5527
4160,1100,1022,5245
4161,1100,1027,5364
4162,1100,1079,5536
4163,1100,1032,5236
4164,1100,1035,5417
4165,1100,1079,5504
4166,1100,1023,5324
4167,1100,1047,5419
4168,1100,1030,5239
4169,1100,1011,5200
4170,1100,1050,5344
4171,1100,1046,5195
4172,1100,1047,5381
4173,1100,1040,5322
4174,1100,1020,5203
4175,1100,1033,5525
4176,1100,1039,5297
4177,1100,1042,5291
4178,1100,1032,5331
4179,1100,1032,5150
4180,1100,1041,5410
4181,1100,1021,5174
4182,1100,1038,5322
4183,1100,1063,5305
4184,1100,1044,5338
4185,1100,1045,5433
4186,1100,1025,5350
4187,1100,1076,5474
4188,1100,1046,5305
4189,1100,1041,5307
4190,1100,1033,5284
4191,1100,1055,5276
4192,1100,1084,5417
4193,1100,1106,5296
4194,1100,1039,5333
4195,1100,1029,5354
4196,1100,1028,5334
4197,1100,1044,5338
4198,1100,1016,5339
4199,1100,1110,5479
4200,1150,1174,5958
4201,1150,1118,5653
4202,1150,1137,5832
4203,1150,1116,5595
4204,1150,1167,5730
4205,1150,1104,5655
4206,1150,1120,5684
4207,1150,1114,5709
4208,1150,1110,5557
4209,1150,1118,5569
4210,1150,1146,5612
4211,1150,1158,5855
4212,1150,1115,5605
4213,1150,1129,5574
4214,1150,1113,5560
4215,1150,1242,6509
4216,1150,1123,5592
4217,1150,1147,5613
4218,1150,1140,5832
4219,1150,1111,5849
4220,1150,1111,5464
4221,1150,1146,5653
4222,1150,1169,5659
4223,1150,1117,5646
4224,1150,1136,5619
4225,1150,1110,5583
4226,1150,1167,5608
4227,1150,1333,5784
4228,1150,1114,5585
4229,1150,1137,5630
4230,1150,1137,5820
4231,1150,1138,5772
4232,1150,1119,5511
4233,1150,1097,5538
4234,1150,1120,5740
4235,1150,1112,5617
4236,1150,1138,5592
4237,1150,1166,5625
4238,1150,1111,5708
4239,1150,1108,5653
4240,1150,1100,5528
4241,1150,1104,5754
4242,1150,1106,5729
4243,1150,1120,5729
4244,1150,1115,5529
4245,1150,1191,5720
4246,1150,1108,5667
4247,1150,1105,5500
4248,1150,1106,5556
4249,1150,1112,5632
4250,1150,1185,5645
4251,1150,1114,5745
4252,1150,1102,5559
4253,1150,1118,5644
4254,1150,1123,5605
4255,1150,1176,5909
4256,1150,1150,5559
4257,1150,1121,5684
4258,1150,1107,5544
4259,1150,1129,5649
4260,1150,1134,5601
4261,1150,1138,5703
4262,1150,1124,5607
4263,1150,1113,5561
4264,1150,1112,5588
4265,1150,1194,5930
4266,1150,1111,5544
4267,1150,1117,5559
4268,1150,1293,5749
4269,1150,1141,5790
4270,1150,1104,5698
4271,1150,1117,5629
4272,1150,1325,5676
4273,1150,1212,6170
4274,1150,1110,5663
4275,1150,1120,5678
4276,1150,1169,5589
4277,1150,1168,5859
4278,1150,1141,5612
4279,1150,1145,5781
4280,1150,1126,5850
4281,1150,1127,6031
4282,1150,1125,5672
4283,1150,1277,6501
4284,1150,1158,5955
4285,1150,1122,5803
4286,1150,1116,5619
4287,1150,1155,5577
4288,1150,1140,5613
4289,1150,1131,5678
4290,1150,1116,5598
4291,1150,1135,5919
4292,1150,1123,5712
4293,1150,1136,5585
4294,1150,1136,5862
4295,1150,1117,5519
4296,1150,1135,5619
4297,1150,1170,5560
4298,1150,1120,5716
4299,1150,1182,5718
4300,1150,1176,5732
4301,1150,1117,5597
4302,1150,1150,5598
4303,1150,1187,5740
4304,1150,1126,5827
4305,1150,1105,5574
4306,1150,1103,5593
4307,1150,1137,5568
4308,1150,1153,6049
4309,1150,1125,5680
4310,1150,1099,5531
4311,1150,1099,5508
4312,1150,1259,5769
4313,1150,1121,5711
4314,1150,1114,5606
4315,1150,1118,5613
4316,1150,1312,5635
4317,1150,1134,5679
4318,1150,1118,5584
4319,1150,1094,5558
4320,1150,1116,5497
4321,1150,1128,5803
4322,1150,1126,5675
4323,1150,1106,5531
4324,1150,1116,5569
4325,1150,1181,5518
4326,1150,1158,5585
4327,1150,1135,5598
4328,1150,1126,5585
4329,1150,1159,5603
4330,1150,1148,5577
4331,1150,1105,5767
4332,1150,1098,5553
4333,1150,1120,5640
4334,1150,1139,5521
4335,1150,1159,5652
4336,1150,1099,5699
4337,1150,1115,5604
4338,1150,1124,5684
4339,1150,1109,5577
4340,1150,1103,5590
4341,1150,1203,6088
4342,1150,1110,5641
4343,1150,1414,6080
4344,1150,1200,5560
4345,1150,1133,5642
4346,1150,1135,5715
4347,1150,1102,5552
4348,1150,1110,5593
4349,1150,1110,5573
4350,1150,1098,5602
4351,1150,1139,5722
4352,1150,1111,5566
4353,1150,1135,5605
4354,1150,1190,6114
4355,1150,1155,5670
4356,1150,1108,5571
4357,1150,1174,5671
4358,1150,1169,5994
4359,1150,1123,5672
4360,1150,1115,5699
4361,1150,1395,6027
4362,1150,1119,5672
4363,1150,1125,5614
4364,1150,1098,5631
4365,1150,1099,5521
4366,1150,1150,5624
4367,1150,1571,7332
4368,1150,1170,6093
4369,1150,1275,6321
4370,1150,1120,5682
4371,1150,1109,5621
4372,1150,1139,5719
4373,1150,1094,5520
4374,1150,1120,5655
4375,1150,1113,5626
4376,1150,1102,5584
4377,1150,1113,5607
4378,1150,1106,5540
4379,1150,1120,5699
4380,1150,1148,5684
4381,1150,1150,5692
4382,1150,1113,5734
4383,1150,1129,5736
4384,1150,1124,5556
4385,1150,1162,5546
4386,1150,1106,5673
4387,1150,1156,5614
4388,1150,1143,5661
4389,1150,1104,5581
4390,1150,1101,5569
4391,1150,1230,6043
4392,1150,1102,5574
4393,1150,1117,5629
4394,1150,1171,5752
4395,1150,1126,5617
4396,1150,1126,5848
4397,1150,1107,5511
4398,1150,1136,5813
4399,1150,1124,5595
4400,1200,1220,6066
4401,1200,1224,5956
4402,1200,1231,6051
4403,1200,1241,6117
4404,1200,1208,5988
4405,1200,1231,6017
4406,1200,1236,6141
4407,1200,1208,6012
4408,1200,1230,5950
4409,1200,1265,5976
4410,1200,1230,5952
4411,1200,1284,6046
4412,1200,1221,5988
4413,1200,1211,5928
4414,1200,1234,6024
4415,1200,1224,5985
4416,1200,1236,6115
4417,1200,1221,6005
4418,1200,1436,6127
4419,1200,1520,6047
4420,1200,1236,6025
4421,1200,1237,5972
4422,1200,1224,5978
4423,1200,1227,6029
4424,1200,1233,6024
4425,1200,1226,6018
4426,1200,1236,6198
4427,1200,1268,6134
4428,1200,1288,6020
4429,1200,1256,6010
4430,1200,1230,6167
4431,1200,1252,6308
4432,1200,1244,6000
4433,1200,1268,6050
4434,1200,1241,6003
4435,1200,1229,6087
4436,1200,1222,6088
4437,1200,1206,5900
4438,1200,1222,6169
4439,1200,1204,5968
4440,1200,1260,6253
4441,1200,1269,6636
4442,1200,1267,6328
4443,1200,1202,5910
4444,1200,1227,5979
4445,1200,1223,6056
4446,1200,1240,6099
4447,1200,1267,6137
4448,1200,1231,6037
4449,1200,1216,6022
4450,1200,1201,5952
4451,1200,1233,6069
4452,1200,1216,5916
4453,1200,1238,5856
4454,1200,1219,6066
4455,1200,1225,5992
4456,1200,1206,5900
4457,1200,1232,5960
4458,1200,1246,5904
4459,1200,1262,6033
4460,1200,1296,6025
4461,1200,1243,6302
4462,1200,1241,6373
4463,1200,1234,6128
4464,1200,1247,6042
4465,1200,1315,6501
4466,1200,1237,6212
4467,1200,1297,5966
4468,1200,1277,5903
4469,1200,1222,5997
4470,1200,1215,5974
4471,1200,1331,6188
4472,1200,1237,6155
4473,1200,1235,6227
4474,1200,1196,5909
4475,1200,1275,5958
4476,1200,1232,6036
4477,1200,1212,5917
4478,1200,1212,5944
4479,1200,1221,5997
4480,1200,1309,6033
4481,1200,1235,6274
4482,1200,1257,6023
4483,1200,1258,6077
4484,1200,1240,6095
4485,1200,1248,5916
4486,1200,1221,5940
4487,1200,1244,5903
4488,1200,1238,6241
4489,1200,1258,6129
4490,1200,1240,6184
4491,1200,1272,5965
4492,1200,1230,5865
4493,1200,1251,5908
4494,1200,1286,6230
4495,1200,1287,6086
4496,1200,1245,6182
4497,1200,1247,5978
4498,1200,1247,6093
4499,1200,1211,5926
4500,1200,1220,5917
4501,1200,1247,5962
4502,1200,1221,5972
4503,1200,1209,5936
4504,1200,1221,5968
4505,1200,1243,6192
4506,1200,1255,6117
4507,1200,1390,6168
4508,1200,1240,5992
4509,1200,1288,6507
4510,1200,1200,5976
4511,1200,1253,5984
4512,1200,1218,5940
4513,1200,1235,5970
4514,1200,1212,5987
4515,1200,1208,6004
4516,1200,1235,6305
4517,1200,1251,6187
4518,1200,1217,6270
4519,1200,1232,6198
4520,1200,1238,6091
4521,1200,1211,5944
4522,1200,1222,5987
4523,1200,1214,5976
4524,1200,1219,5924
4525,1200,1219,6170
4526,1200,1369,5944
4527,1200,1228,6028
4528,1200,1207,5950
4529,1200,1292,6254
4530,1200,1394,6563
4531,1200,1215,6119
4532,1200,1253,6059
4533,1200,1239,6161
4534,1200,1217,6172
4535,1200,1239,6159
4536,1200,1257,6492
4537,1200,1184,6032
4538,1200,1232,6123
4539,1200,1243,5949
4540,1200,1210,5953
4541,1200,1462,6817
4542,1200,1358,6384
4543,1200,1242,5998
4544,1200,1224,6069
4545,1200,1196,5971
4546,1200,1212,5942
4547,1200,1216,6003
4548,1200,1235,6138
4549,1200,1214,6099
4550,1200,1244,6121
4551,1200,1215,5957
4552,1200,1222,5954
4553,1200,1215,5952
4554,1200,1210,5973
4555,1200,1219,6114
4556,1200,1246,5942
4557,1200,1258,5965
4558,1200,1223,5950
4559,1200,1203,5941
4560,1200,1216,6222
4561,1200,1242,6152
4562,1200,1212,5984
4563,1200,1237,6249
4564,1200,1270,6116
4565,1200,1263,6207
4566,1200,1299,6028
4567,1200,1342,6383
4568,1200,1474,6254
4569,1200,1203,5978
4570,1200,1240,6061
4571,1200,1218,6053
4572,1200,1211,5980
4573,1200,1212,5986
4574,1200,1259,6047
4575,1200,1231,6084
4576,1200,1271,6090
4577,1200,1227,6088
4578,1200,1380,5953
4579,1200,1222,5956
4580,1200,1240,5856
4581,1200,1224,6082
4582,1200,1221,6002
4583,1200,1220,5836
4584,1200,1231,6261
4585,1200,1222,6045
4586,1200,1224,5987
4587,1200,1220,6077
4588,1200,1261,6391
4589,1200,1233,6137
4590,1200,1217,5986
4591,1200,1214,6211
4592,1200,1299,6024
4593,1200,1244,6054
4594,1200,1216,5955
4595,1200,1207,5915
4596,1200,1241,5952
4597,1200,1293,6189
4598,1200,1261,5970
4599,1200,1249,6152
4600,1250,1456,6985
4601,1250,1351,6471
4602,1250,1360,6478
4603,1250,1392,6507
4604,1250,1420,6408
4605,1250,1562,7021
4606,1250,1397,6507
4607,1250,1361,6327
4608,1250,1379,6605
4609,1250,1395,6793
4610,1250,1328,6452
4611,1250,1375,6496
4612,1250,1477,6544
4613,1250,1455,6875
4614,1250,1404,7008
4615,1250,1371,6625
4616,1250,1392,6665
4617,1250,1391,6578
4618,1250,1413,6553
4619,1250,1352,6415
4620,1250,1357,6590
4621,1250,1358,6474
4622,1250,1364,6595
4623,1250,1363,6291
4624,1250,1413,6652
4625,1250,1406,6629
4626,1250,1367,6518
4627,1250,1362,6539
4628,1250,1398,6705
4629,1250,1387,6562
4630,1250,1462,6956
4631,1250,1354,6441
4632,1250,1418,6466
4633,1250,1413,6537
4634,1250,1359,6486
4635,1250,1345,6618
4636,1250,1368,6468
4637,1250,1567,6422
4638,1250,1370,6514
4639,1250,1367,6585
4640,1250,1371,6578
4641,1250,1615,6646
4642,1250,1369,6392
4643,1250,1347,6352
4644,1250,1428,6934
4645,1250,1352,6492
4646,1250,1404,6623
4647,1250,1351,6413
4648,1250,1369,6456
4649,1250,1412,6380
4650,1250,1343,6655
4651,1250,1394,6605
4652,1250,1482,6689
4653,1250,1495,6980
4654,1250,1359,6467
4655,1250,1397,6485
4656,1250,1495,6847
4657,1250,1346,6391
4658,1250,1352,6506
4659,1250,1355,6500
4660,1250,1348,6394
4661,1250,1352,6422
4662,1250,1411,6529
4663,1250,1378,6589
4664,1250,1367,6498
4665,1250,1395,6650
4666,1250,1347,6376
4667,1250,1387,6381
4668,1250,1396,6489
4669,1250,1409,6725
4670,1250,1366,6640
4671,1250,1421,6399
4672,1250,1336,6444
4673,1250,1339,6609
4674,1250,1385,6471
4675,1250,1417,6693
4676,1250,1397,6470
4677,1250,1352,6450
4678,1250,1369,6472
4679,1250,1503,6979
4680,1250,1358,6457
4681,1250,1457,6543
4682,1250,1384,6618
4683,1250,1429,6600
4684,1250,1447,6608
4685,1250,1447,6450
4686,1250,1384,6497
4687,1250,1351,6439
4688,1250,1438,6866
4689,1250,1404,6562
4690,1250,1580,6394
4691,1250,1341,6315
4692,1250,1360,6487
4693,1250,1456,6590
4694,1250,1348,6495
4695,1250,1339,6441
4696,1250,1397,6853
4697,1250,1485,6597
4698,1250,1387,6361
4699,1250,1355,6514
4700,1250,1374,6429
4701,1250,1362,6574
4702,1250,1556,6654
4703,1250,1474,7006
4704,1250,1343,6353
4705,1250,1368,6475
4706,1250,1526,6841
4707,1250,1331,6465
4708,1250,1524,6767
4709,1250,1449,6612
4710,1250,1363,6437
4711,1250,1434,6367
4712,1250,1581,6420
4713,1250,1349,6435
4714,1250,1356,6590
4715,1250,1518,6426
4716,1250,1436,6678
4717,1250,1391,6594
4718,1250,1388,6638
4719,1250,1364,6501
4720,1250,1421,6528
4721,1250,1392,6417
4722,1250,1423,6497
4723,1250,1342,6461
4724,1250,1357,6548
4725,1250,1361,6561
4726,1250,1363,6485
4727,1250,1406,6432
4728,1250,1358,6397
4729,1250,1440,6459
4730,1250,1460,6605
4731,1250,1343,6271
4732,1250,1388,6515
4733,1250,1408,6459
4734,1250,1348,6499
4735,1250,1369,6719
4736,1250,1456,6583
4737,1250,1410,6767
4738,1250,1392,6657
4739,1250,1333,6380
4740,1250,1354,6558
4741,1250,1378,6599
4742,1250,1368,6462
4743,1250,1369,6479
4744,1250,1382,6566
4745,1250,1395,6675
4746,1250,1400,6507
4747,1250,1331,6462
4748,1250,1381,6571
4749,1250,1370,6495
4750,1250,1363,6695
4751,1250,1361,6608
4752,1250,1410,6443
4753,1250,1406,6742
4754,1250,1436,6388
4755,1250,1402,6399
4756,1250,1373,6658
4757,1250,1345,6404
4758,1250,1336,6463
4759,1250,1338,6402
4760,1250,1370,7113
4761,1250,1358,6580
4762,1250,1333,6377
4763,1250,1349,6438
4764,1250,1361,6652
4765,1250,1451,6741
4766,1250,1396,6697
4767,1250,1368,6400
4768,1250,1395,6498
4769,1250,1352,6432
4770,1250,1529,6538
4771,1250,1362,6460
4772,1250,1340,6260
4773,1250,1357,6593
4774,1250,1423,6356
4775,1250,1433,6672
4776,1250,1351,6422
4777,1250,1380,6796
4778,1250,1548,6453
4779,1250,1381,6613
4780,1250,1386,6516
4781,1250,1727,6519
4782,1250,1364,6379
4783,1250,1356,6452
4784,1250,1378,6494
4785,1250,1346,6436
4786,1250,1417,6907
4787,1250,1317,6361
4788,1250,1417,6391
4789,1250,1548,6796
4790,1250,1460,6740
4791,1250,1364,6663
4792,1250,1328,6450
4793,1250,1368,6749
4794,1250,1401,6427
4795,1250,1356,6423
4796,1250,1460,6654
4797,1250,1427,6735
4798,1250,1340,6280
4799,1250,1376,6638
4800,1300,1493,6730
4801,1300,1499,6880
4802,1300,1500,6925
4803,1300,1535,6893
4804,1300,1464,6854
4805,1300,1490,6756
4806,1300,1562,7073
4807,1300,1542,6898
4808,1300,1664,7709
4809,1300,1471,6841
4810,1300,1592,6775
4811,1300,1507,6977
4812,1300,1510,7054
4813,1300,1501,7086
4814,1300,1571,7203
4815,1300,1552,7236
4816,1300,1504,6966
4817,1300,1590,7018
4818,1300,1550,7437
4819,1300,1568,7397
4820,1300,1628,7309
4821,1300,1561,7424
4822,1300,1500,7035
4823,1300,1569,7237
4824,1300,1586,7173
4825,1300,1480,6936
4826,1300,1498,7210
4827,1300,1481,6881
4828,1300,1492,7037
4829,1300,1607,7252
4830,1300,1767,7364
4831,1300,1557,7307
4832,1300,1697,7445
4833,1300,1584,7241
4834,1300,1617,7281
4835,1300,1588,7224
4836,1300,1464,6837
4837,1300,1744,7376
4838,1300,1476,6914
4839,1300,1476,6982
4840,1300,1484,6976
4841,1300,1522,7240
4842,1300,1514,6810
4843,1300,1502,7094
4844,1300,1637,6991
4845,1300,1564,6863
4846,1300,1506,6930
4847,1300,1513,6835
4848,1300,1463,6887
4849,1300,1536,7047
4850,1300,1599,7540
4851,1300,1592,7706
4852,1300,1580,7699
4853,1300,1634,7363
4854,1300,1613,7521
4855,1300,1826,7537
4856,1300,1606,7215
4857,1300,1711,7638
4858,1300,1739,7375
4859,1300,1646,7009
4860,1300,1601,7433
4861,1300,1829,7147
4862,1300,1549,7027
4863,1300,1543,7195
4864,1300,1567,7503
4865,1300,1507,7212
4866,1300,1493,6899
4867,1300,1494,7130
4868,1300,2055,7015
4869,1300,1472,6955
4870,1300,1486,7206
4871,1300,1466,6829
4872,1300,1503,6879
4873,1300,1492,6950
4874,1300,1526,6971
4875,1300,1493,6972
4876,1300,1543,7148
4877,1300,1474,6786
4878,1300,1493,6864
4879,1300,1633,6739
4880,1300,1540,7221
4881,1300,1536,7257
4882,1300,1500,6838
4883,1300,1489,6798
4884,1300,1491,6970
4885,1300,1483,6840
4886,1300,1520,7281
4887,1300,1502,6783
4888,1300,1537,7119
4889,1300,1490,6705
4890,1300,1493,6825
4891,1300,1585,7322
4892,1300,1520,6971
4893,1300,1470,6828
4894,1300,1577,7223
4895,1300,1535,7058
4896,1300,1481,6972
4897,1300,1507,7229
4898,1300,1436,7695
4899,1300,1572,6726
4900,1300,1532,6781
4901,1300,1555,7032
4902,1300,1502,6784
4903,1300,1472,6836
4904,1300,1500,6920
4905,1300,1508,7111
4906,1300,1642,7382
4907,1300,1709,7285
4908,1300,1543,7398
4909,1300,1516,7211
4910,1300,1509,7083
4911,1300,1508,6813
4912,1300,1528,7347
4913,1300,1584,7736
4914,1300,1682,7530
4915,1300,1521,7130
4916,1300,1562,7199
4917,1300,1657,7447
4918,1300,1587,7112
4919,1300,1611,7184
4920,1300,1642,7523
4921,1300,1743,7130
4922,1300,1518,7151
4923,1300,1666,7134
4924,1300,1501,6998
4925,1300,1573,7492
4926,1300,1586,7098
4927,1300,1525,7101
4928,1300,1470,7361
4929,1300,1656,7369
4930,1300,1615,7038
4931,1300,1495,6744
4932,1300,1557,7168
4933,1300,1651,7127
4934,1300,1584,7209
4935,1300,1587,7392
4936,1300,1629,7474
4937,1300,1634,6901
4938,1300,1646,7355
4939,1300,1675,7424
4940,1300,1780,7021
4941,1300,1643,7607
4942,1300,1464,6842
4943,1300,1561,6722
4944,1300,1493,7330
4945,1300,1503,6910
4946,1300,1620,7321
4947,1300,1513,6802
4948,1300,1491,6805
4949,1300,1485,6771
4950,1300,1492,6975
4951,1300,1492,6866
4952,1300,1499,7024
4953,1300,1539,7034
4954,1300,1455,6711
4955,1300,1472,6943
4956,1300,1467,6752
4957,1300,1501,6885
4958,1300,1482,6995
4959,1300,1510,6921
4960,1300,1500,6801
4961,1300,1490,6922
4962,1300,1641,6979
4963,1300,1656,6865
4964,1300,1513,6748
4965,1300,1486,6824
4966,1300,1501,6962
4967,1300,1480,6758
4968,1300,1488,6951
4969,1300,1494,6794
4970,1300,1475,7100
4971,1300,1703,7533
4972,1300,1583,7232
4973,1300,1479,6848
4974,1300,1510,7021
4975,1300,1512,6947
4976,1300,1497,7026
4977,1300,1507,6757
4978,1300,1486,7023
4979,1300,1482,6890
4980,1300,1486,6838
4981,1300,1591,7105
4982,1300,1588,7023
4983,1300,1693,7212
4984,1300,1593,7042
4985,1300,1577,7109
4986,1300,1545,7268
4987,1300,1599,7147
4988,1300,1782,7443
4989,1300,1540,7092
4990,1300,1524,7066
4991,1300,1786,7231
4992,1300,1653,7056
4993,1300,1550,7117
4994,1300,1499,7002
4995,1300,1492,6981
4996,1300,1559,7591
4997,1300,1578,6984
4998,1300,1651,7178
4999,1300,1554,7031
